0,website,category
1,random.org,/Computers/Algorithms
2,combinatorics.org,/Computers/Algorithms
3,compalg.inf.elte.hu,/Computers/Algorithms
4,www-video.eecs.berkeley.edu,/Computers/Algorithms
5,orcca.on.ca,/Computers/Algorithms
6,vcodex.com,/Computers/Algorithms
7,jgaa.info,/Computers/Algorithms
8,sipi.usc.edu,/Computers/Algorithms
9,comscire.com,/Computers/Algorithms
10,stringology.org,/Computers/Algorithms
11,corpus.canterbury.ac.nz,/Computers/Algorithms
12,opsis.sourceforge.net,/Computers/Algorithms
13,suggesttree.sourceforge.net,/Computers/Algorithms
14,wasa.sourceforge.net,/Computers/Algorithms
15,scg.uwaterloo.ca,/Computers/Algorithms
16,naomi.is.s.u-tokyo.ac.jp,/Computers/Algorithms
17,icassp2000.sdsu.edu,/Computers/Algorithms
18,dehne.carleton.ca,/Computers/Algorithms
19,sigact.acm.org,/Computers/Algorithms
20,effros.caltech.edu,/Computers/Algorithms
21,dna.caltech.edu,/Computers/Algorithms
22,ads.tuwien.ac.at,/Computers/Algorithms
23,issac2006.dima.unige.it,/Computers/Algorithms
24,algo.inria.fr,/Computers/Algorithms
25,tata.gforge.inria.fr,/Computers/Algorithms
26,wea2004.inf.puc-rio.br,/Computers/Algorithms
27,synasc04.info.uvt.ro,/Computers/Algorithms
28,www-gap.dcs.st-and.ac.uk,/Computers/Algorithms
29,random.mat.sbg.ac.at,/Computers/Algorithms
30,risc.uni-linz.ac.at,/Computers/Algorithms
31,juergen-abel.info,/Computers/Algorithms
32,editor.altervista.org,/Computers/Algorithms
33,asilomarssc.org,/Computers/Algorithms
34,can.nl,/Computers/Algorithms
35,algosort.com,/Computers/Algorithms
36,data-compression.com,/Computers/Algorithms
37,data-compression.info,/Computers/Algorithms
38,gailly.net,/Computers/Algorithms
39,hackersdelight.org,/Computers/Algorithms
40,crypto.8k.com,/Computers/Algorithms
41,minimair.org,/Computers/Algorithms
42,hlcmklam.com,/Computers/Algorithms
43,rrsd.com,/Computers/Algorithms
44,randombots.com,/Computers/Algorithms
45,robsort.org,/Computers/Algorithms
46,sequitur.info,/Computers/Algorithms
47,sigsam.org,/Computers/Algorithms
48,wafr.org,/Computers/Algorithms
49,wads.org,/Computers/Algorithms
50,simsearch.yury.name,/Computers/Algorithms
0,kaggle.com,/Computers/Artificial_Intelligence
1,datasciencecentral.com,/Computers/Artificial_Intelligence
2,scikit-learn.org,/Computers/Artificial_Intelligence
3,tensorflow.org,/Computers/Artificial_Intelligence
4,cs.cmu.edu,/Computers/Artificial_Intelligence
5,nips.cc,/Computers/Artificial_Intelligence
6,csail.mit.edu,/Computers/Artificial_Intelligence
7,aclweb.org,/Computers/Artificial_Intelligence
8,aaai.org,/Computers/Artificial_Intelligence
9,jneurosci.org,/Computers/Artificial_Intelligence
10,cognex.com,/Computers/Artificial_Intelligence
11,cs.yale.edu,/Computers/Artificial_Intelligence
12,aihitdata.com,/Computers/Artificial_Intelligence
13,yann.lecun.com,/Computers/Artificial_Intelligence
14,gatsby.ucl.ac.uk,/Computers/Artificial_Intelligence
15,sfn.org,/Computers/Artificial_Intelligence
16,nssdc.gsfc.nasa.gov,/Computers/Artificial_Intelligence
17,pandorabots.com,/Computers/Artificial_Intelligence
18,qrg.northwestern.edu,/Computers/Artificial_Intelligence
19,norvig.com,/Computers/Artificial_Intelligence
20,ijcai.org,/Computers/Artificial_Intelligence
21,burning-glass.com,/Computers/Artificial_Intelligence
22,dfki.de,/Computers/Artificial_Intelligence
23,chatbots.org,/Computers/Artificial_Intelligence
24,altredo.com,/Computers/Artificial_Intelligence
25,kurzweilai.net,/Computers/Artificial_Intelligence
26,textkernel.com,/Computers/Artificial_Intelligence
27,ai.sri.com,/Computers/Artificial_Intelligence
28,captcha.net,/Computers/Artificial_Intelligence
29,numenta.com,/Computers/Artificial_Intelligence
30,zabaware.com,/Computers/Artificial_Intelligence
31,philippe-fournier-viger.com,/Computers/Artificial_Intelligence
32,novomind.com,/Computers/Artificial_Intelligence
33,vis-www.cs.umass.edu,/Computers/Artificial_Intelligence
34,ti.arc.nasa.gov,/Computers/Artificial_Intelligence
35,personalityforge.com,/Computers/Artificial_Intelligence
36,iiia.csic.es,/Computers/Artificial_Intelligence
37,torch.ch,/Computers/Artificial_Intelligence
38,jmlr.csail.mit.edu,/Computers/Artificial_Intelligence
39,cyc.com,/Computers/Artificial_Intelligence
40,bluecatnetworks.com,/Computers/Artificial_Intelligence
41,idm-lab.org,/Computers/Artificial_Intelligence
42,aisb.org.uk,/Computers/Artificial_Intelligence
43,lti.cs.cmu.edu,/Computers/Artificial_Intelligence
44,code.nasa.gov,/Computers/Artificial_Intelligence
45,aiai.ed.ac.uk,/Computers/Artificial_Intelligence
46,elra.info,/Computers/Artificial_Intelligence
47,itk.org,/Computers/Artificial_Intelligence
48,jair.org,/Computers/Artificial_Intelligence
49,lumina.com,/Computers/Artificial_Intelligence
0,biomimicry.org,/Computers/Artificial_Life
1,algorithmicbotany.org,/Computers/Artificial_Life
2,electricsheep.org,/Computers/Artificial_Life
3,biota.org,/Computers/Artificial_Life
4,myxo.css.msu.edu,/Computers/Artificial_Life
5,biomimicry.net,/Computers/Artificial_Life
6,agents.media.mit.edu,/Computers/Artificial_Life
7,alifegames.sourceforge.net,/Computers/Artificial_Life
8,bugbots.sourceforge.net,/Computers/Artificial_Life
9,glants.sourceforge.net,/Computers/Artificial_Life
10,golly.sourceforge.net,/Computers/Artificial_Life
11,kandid.sourceforge.net,/Computers/Artificial_Life
12,physis.sourceforge.net,/Computers/Artificial_Life
13,ps-i.sourceforge.net,/Computers/Artificial_Life
14,psotoolbox.sourceforge.net,/Computers/Artificial_Life
15,ias7.cs.umn.edu,/Computers/Artificial_Life
16,ices03.idi.ntnu.no,/Computers/Artificial_Life
17,complex.iastate.edu,/Computers/Artificial_Life
18,lslwww.epfl.ch,/Computers/Artificial_Life
19,animatlab.lip6.fr,/Computers/Artificial_Life
20,agentbuilder.com,/Computers/Artificial_Life
21,aibits.com,/Computers/Artificial_Life
22,alife.net,/Computers/Artificial_Life
23,swarmintelligence.org,/Computers/Artificial_Life
24,artificial-life.com,/Computers/Artificial_Life
25,cafun.de,/Computers/Artificial_Life
26,computelligence.org,/Computers/Artificial_Life
27,ddlab.com,/Computers/Artificial_Life
28,pentadecathlon.com,/Computers/Artificial_Life
29,digitalpoiesis.org,/Computers/Artificial_Life
30,netplay.com.au,/Computers/Artificial_Life
31,imagination-engines.com,/Computers/Artificial_Life
32,isab.org.uk,/Computers/Artificial_Life
33,alife.org,/Computers/Artificial_Life
34,ventrella.com,/Computers/Artificial_Life
35,alife.co.uk,/Computers/Artificial_Life
36,cell-auto.com,/Computers/Artificial_Life
37,mirekw.com,/Computers/Artificial_Life
38,nearlife.com,/Computers/Artificial_Life
39,particleswarm.info,/Computers/Artificial_Life
40,iterated-prisoners-dilemma.net,/Computers/Artificial_Life
41,prisonersdilemma.groenefee.nl,/Computers/Artificial_Life
42,qflux.org,/Computers/Artificial_Life
43,moshesipper.com,/Computers/Artificial_Life
44,swarm.org,/Computers/Artificial_Life
45,tim-taylor.com,/Computers/Artificial_Life
46,mimetics.com,/Computers/Artificial_Life
0,preterhuman.net,/Computers/Bulletin_Board_Systems
1,telnetbbsguide.com,/Computers/Bulletin_Board_Systems
2,archives.thebbs.org,/Computers/Bulletin_Board_Systems
3,syncterm.bbsdev.net,/Computers/Bulletin_Board_Systems
4,bbsdocumentary.com,/Computers/Bulletin_Board_Systems
5,synchro.net,/Computers/Bulletin_Board_Systems
6,fidelio.sourceforge.net,/Computers/Bulletin_Board_Systems
7,gtkhx.sourceforge.net,/Computers/Bulletin_Board_Systems
8,multimail.sourceforge.net,/Computers/Bulletin_Board_Systems
9,pharerouge.sourceforge.net,/Computers/Bulletin_Board_Systems
10,synhxd.sourceforge.net,/Computers/Bulletin_Board_Systems
11,bbslist.textfiles.com,/Computers/Bulletin_Board_Systems
12,bbsx.thebbs.org,/Computers/Bulletin_Board_Systems
13,uncensored.citadel.org,/Computers/Bulletin_Board_Systems
14,fidonet.ca,/Computers/Bulletin_Board_Systems
15,bbbs.net,/Computers/Bulletin_Board_Systems
16,bbsing.com,/Computers/Bulletin_Board_Systems
17,cisbbs.nl,/Computers/Bulletin_Board_Systems
18,cnetbbs.net,/Computers/Bulletin_Board_Systems
19,cyber1.org,/Computers/Bulletin_Board_Systems
20,s-and-m-software.com,/Computers/Bulletin_Board_Systems
21,doorgames.org,/Computers/Bulletin_Board_Systems
22,falconbbs.nl,/Computers/Bulletin_Board_Systems
23,ftsc.org,/Computers/Bulletin_Board_Systems
24,fehq.org,/Computers/Bulletin_Board_Systems
25,foxriver.net,/Computers/Bulletin_Board_Systems
26,hermesbbs.com,/Computers/Bulletin_Board_Systems
27,filegate.net,/Computers/Bulletin_Board_Systems
28,intelec.com,/Computers/Bulletin_Board_Systems
29,iscabbs.com,/Computers/Bulletin_Board_Systems
30,fidonet.org,/Computers/Bulletin_Board_Systems
31,headgap.com,/Computers/Bulletin_Board_Systems
32,pcpursuits.com,/Computers/Bulletin_Board_Systems
33,tfbbs.com,/Computers/Bulletin_Board_Systems
34,vadvbbs.com,/Computers/Bulletin_Board_Systems
35,wcssoft.com,/Computers/Bulletin_Board_Systems
36,santronics.com,/Computers/Bulletin_Board_Systems
37,wwivbbs.org,/Computers/Bulletin_Board_Systems
0,sketchup.com,/Computers/CAD_and_CAM
1,solidworks.com,/Computers/CAD_and_CAM
2,partcommunity.com,/Computers/CAD_and_CAM
3,3ds.com,/Computers/CAD_and_CAM
4,ptc.com,/Computers/CAD_and_CAM
5,shapeways.com,/Computers/CAD_and_CAM
6,synopsys.com,/Computers/CAD_and_CAM
7,graphisoft.com,/Computers/CAD_and_CAM
8,ncsoft.com,/Computers/CAD_and_CAM
9,bentley.com,/Computers/CAD_and_CAM
10,altium.com,/Computers/CAD_and_CAM
11,traceparts.com,/Computers/CAD_and_CAM
12,cadence.com,/Computers/CAD_and_CAM
13,revitcity.com,/Computers/CAD_and_CAM
14,mentor.com,/Computers/CAD_and_CAM
15,aveva.com,/Computers/CAD_and_CAM
16,cadforum.cz,/Computers/CAD_and_CAM
17,openlayers.org,/Computers/CAD_and_CAM
18,blocklayer.com,/Computers/CAD_and_CAM
19,cadtutor.net,/Computers/CAD_and_CAM
20,cad-blocks.net,/Computers/CAD_and_CAM
21,cadsofttools.com,/Computers/CAD_and_CAM
22,augi.com,/Computers/CAD_and_CAM
23,ironcad.com,/Computers/CAD_and_CAM
24,chiefarchitect.com,/Computers/CAD_and_CAM
25,caddetails.com,/Computers/CAD_and_CAM
26,ceco.net,/Computers/CAD_and_CAM
27,autodwg.com,/Computers/CAD_and_CAM
28,formz.com,/Computers/CAD_and_CAM
29,jesa.or.jp,/Computers/CAD_and_CAM
30,ellenfinkelstein.com,/Computers/CAD_and_CAM
31,cadhatch.com,/Computers/CAD_and_CAM
32,cadalyst.com,/Computers/CAD_and_CAM
33,softtech-engr.com,/Computers/CAD_and_CAM
34,labcenter.com,/Computers/CAD_and_CAM
35,realintent.com,/Computers/CAD_and_CAM
36,aras.com,/Computers/CAD_and_CAM
37,emastercam.com,/Computers/CAD_and_CAM
38,iccad.com,/Computers/CAD_and_CAM
39,anydwg.com,/Computers/CAD_and_CAM
40,opencores.org,/Computers/CAD_and_CAM
41,edacafe.com,/Computers/CAD_and_CAM
42,dac.com,/Computers/CAD_and_CAM
43,cadmatic.com,/Computers/CAD_and_CAM
44,cadexchanger.com,/Computers/CAD_and_CAM
45,transmagic.com,/Computers/CAD_and_CAM
46,turbocad.com,/Computers/CAD_and_CAM
47,archiradar.it,/Computers/CAD_and_CAM
48,designmaster.biz,/Computers/CAD_and_CAM
49,progesoft.com,/Computers/CAD_and_CAM
0,daniweb.com,/Computers/Chats_and_Forums
1,tek-tips.com,/Computers/Chats_and_Forums
2,computing.net,/Computers/Chats_and_Forums
3,forums.techguy.org,/Computers/Chats_and_Forums
4,techenclave.com,/Computers/Chats_and_Forums
5,scforum.info,/Computers/Chats_and_Forums
6,computerforum.com,/Computers/Chats_and_Forums
7,forums.bit-tech.net,/Computers/Chats_and_Forums
8,virtualdr.com,/Computers/Chats_and_Forums
9,techtalkz.com,/Computers/Chats_and_Forums
10,ittaleem.com,/Computers/Chats_and_Forums
11,computerforums.org,/Computers/Chats_and_Forums
12,forums.pureoverclock.com,/Computers/Chats_and_Forums
13,scurvy.proboards.com,/Computers/Chats_and_Forums
14,medionsupport.com,/Computers/Chats_and_Forums
15,forums.legitreviews.com,/Computers/Chats_and_Forums
16,computer-forums.net,/Computers/Chats_and_Forums
17,gadgetbit.com,/Computers/Chats_and_Forums
18,geekpolice.net,/Computers/Chats_and_Forums
19,pctechbytes.net,/Computers/Chats_and_Forums
20,pctechtalk.com,/Computers/Chats_and_Forums
21,technutopia.com,/Computers/Chats_and_Forums
22,forums.recoveryforce.com,/Computers/Chats_and_Forums
0,yahoo.com,/Computers/Companies
1,microsoft.com,/Computers/Companies
2,apple.com,/Computers/Companies
3,msn.com,/Computers/Companies
4,adobe.com,/Computers/Companies
5,support.microsoft.com,/Computers/Companies
6,hp.com,/Computers/Companies
7,aol.com,/Computers/Companies
8,dell.com,/Computers/Companies
9,oracle.com,/Computers/Companies
10,ibm.com,/Computers/Companies
11,mail.aol.com,/Computers/Companies
12,engadget.com,/Computers/Companies
13,intel.com,/Computers/Companies
14,techcrunch.com,/Computers/Companies
15,mapquest.com,/Computers/Companies
16,acer.com,/Computers/Companies
17,moviefone.com,/Computers/Companies
18,autoblog.com,/Computers/Companies
19,corel.com,/Computers/Companies
20,huffingtonpost.com,/Computers/Companies
21,appleinsider.com,/Computers/Companies
22,search.aol.com,/Computers/Companies
23,google.org,/Computers/Companies
24,usa.philips.com,/Computers/Companies
25,3ds.com,/Computers/Companies
26,avs4you.com,/Computers/Companies
27,whizlabs.com,/Computers/Companies
28,emc.com,/Computers/Companies
29,dmoz.org,/Computers/Companies
30,research.microsoft.com,/Computers/Companies
31,epam.com,/Computers/Companies
32,mitsubishielectric.com,/Computers/Companies
33,stylemepretty.com,/Computers/Companies
34,googlemerchandisestore.com,/Computers/Companies
35,mom.me,/Computers/Companies
36,scnsoft.com,/Computers/Companies
37,askdavetaylor.com,/Computers/Companies
38,csgnetwork.com,/Computers/Companies
39,gateway.com,/Computers/Companies
40,teradata.com,/Computers/Companies
41,googleblog.blogspot.com,/Computers/Companies
42,avanquest.com,/Computers/Companies
43,smithmicro.com,/Computers/Companies
44,sun.com,/Computers/Companies
45,hitachi.com,/Computers/Companies
46,alfa.lt,/Computers/Companies
47,windowsupdate.com,/Computers/Companies
48,vertica.com,/Computers/Companies
49,aspiresys.com,/Computers/Companies
0,ieeexplore.ieee.org,/Computers/Computer_Science
1,proquest.com,/Computers/Computer_Science
2,acm.org,/Computers/Computer_Science
3,ics.uci.edu,/Computers/Computer_Science
4,cdac.in,/Computers/Computer_Science
5,cs.washington.edu,/Computers/Computer_Science
6,ingentaconnect.com,/Computers/Computer_Science
7,cs.princeton.edu,/Computers/Computer_Science
8,reviews.com,/Computers/Computer_Science
9,csail.mit.edu,/Computers/Computer_Science
10,cs.toronto.edu,/Computers/Computer_Science
11,cs.rpi.edu,/Computers/Computer_Science
12,cs.cornell.edu,/Computers/Computer_Science
13,cse.unsw.edu.au,/Computers/Computer_Science
14,nitrkl.ac.in,/Computers/Computer_Science
15,cs.uwaterloo.ca,/Computers/Computer_Science
16,tifr.res.in,/Computers/Computer_Science
17,ucsc.cmb.ac.lk,/Computers/Computer_Science
18,cs.umd.edu,/Computers/Computer_Science
19,safaribooksonline.com,/Computers/Computer_Science
20,cs.utexas.edu,/Computers/Computer_Science
21,computer.org,/Computers/Computer_Science
22,cs.illinois.edu,/Computers/Computer_Science
23,hadoop.apache.org,/Computers/Computer_Science
24,cs.wisc.edu,/Computers/Computer_Science
25,ecs.soton.ac.uk,/Computers/Computer_Science
26,acs.org.au,/Computers/Computer_Science
27,cs.mcgill.ca,/Computers/Computer_Science
28,itl.nist.gov,/Computers/Computer_Science
29,cis.upenn.edu,/Computers/Computer_Science
30,cs.colorado.edu,/Computers/Computer_Science
31,in.tum.de,/Computers/Computer_Science
32,cs.duke.edu,/Computers/Computer_Science
33,cs.columbia.edu,/Computers/Computer_Science
34,dblp.uni-trier.de,/Computers/Computer_Science
35,cs.nyu.edu,/Computers/Computer_Science
36,nzdl.org,/Computers/Computer_Science
37,cs.virginia.edu,/Computers/Computer_Science
38,cs.byu.edu,/Computers/Computer_Science
39,cs.vt.edu,/Computers/Computer_Science
40,iiit.ac.in,/Computers/Computer_Science
41,ics.forth.gr,/Computers/Computer_Science
42,usenix.org,/Computers/Computer_Science
43,cs.ubc.ca,/Computers/Computer_Science
44,civ.cvut.cz,/Computers/Computer_Science
45,inf.ethz.ch,/Computers/Computer_Science
46,cs.umass.edu,/Computers/Computer_Science
47,cs.brown.edu,/Computers/Computer_Science
48,worldcommunitygrid.org,/Computers/Computer_Science
49,uohyd.ac.in,/Computers/Computer_Science
0,experts-exchange.com,/Computers/Consultants
1,insight.com,/Computers/Consultants
2,dba-oracle.com,/Computers/Consultants
3,hcltech.com,/Computers/Consultants
4,connectwise.com,/Computers/Consultants
5,perficient.com,/Computers/Consultants
6,t-systems.com,/Computers/Consultants
7,dtiserv.com,/Computers/Consultants
8,avanade.com,/Computers/Consultants
9,galido.net,/Computers/Consultants
10,dataprise.com,/Computers/Consultants
11,einfochips.com,/Computers/Consultants
12,rackaid.com,/Computers/Consultants
13,rand.com,/Computers/Consultants
14,credera.com,/Computers/Consultants
15,cgsinc.com,/Computers/Consultants
16,daugherty.com,/Computers/Consultants
17,presidio.com,/Computers/Consultants
18,swc.com,/Computers/Consultants
19,poornam.com,/Computers/Consultants
20,rusticisoftware.com,/Computers/Consultants
21,easysoft.com,/Computers/Consultants
22,align.com,/Computers/Consultants
23,switchfast.com,/Computers/Consultants
24,aplawrence.com,/Computers/Consultants
25,incognito.com,/Computers/Consultants
26,prokarma.com,/Computers/Consultants
27,tridium.com,/Computers/Consultants
28,bitwiseglobal.com,/Computers/Consultants
29,fabasoft.com,/Computers/Consultants
30,ec-group.com,/Computers/Consultants
31,enpointe.com,/Computers/Consultants
32,it360.biz,/Computers/Consultants
33,coheris.com,/Computers/Consultants
34,cimdata.com,/Computers/Consultants
35,infotivity.com,/Computers/Consultants
36,winocular.com,/Computers/Consultants
37,netnerds.net,/Computers/Consultants
38,generalcode.com,/Computers/Consultants
39,alignex.com,/Computers/Consultants
40,progent.com,/Computers/Consultants
41,technijian.com,/Computers/Consultants
42,cgtech.com,/Computers/Consultants
43,mxotech.com,/Computers/Consultants
44,treehouse.com,/Computers/Consultants
45,1e.com,/Computers/Consultants
46,alligatortek.com,/Computers/Consultants
47,linbit.com,/Computers/Consultants
48,swtech.com.au,/Computers/Consultants
49,laogu.com,/Computers/Consultants
0,speedtest.net,/Computers/Data_Communications
1,lenovo.com,/Computers/Data_Communications
2,cisco.com,/Computers/Data_Communications
3,tp-link.com,/Computers/Data_Communications
4,netgear.com,/Computers/Data_Communications
5,whatis.techtarget.com,/Computers/Data_Communications
6,ubnt.com,/Computers/Data_Communications
7,arubanetworks.com,/Computers/Data_Communications
8,grasshopper.com,/Computers/Data_Communications
9,dslreports.com,/Computers/Data_Communications
10,dlink.com,/Computers/Data_Communications
11,kingston.com,/Computers/Data_Communications
12,fcc.gov,/Computers/Data_Communications
13,juniper.net,/Computers/Data_Communications
14,itu.int,/Computers/Data_Communications
15,fon.com,/Computers/Data_Communications
16,netgate.com,/Computers/Data_Communications
17,gfi.com,/Computers/Data_Communications
18,h3c.com,/Computers/Data_Communications
19,testmy.net,/Computers/Data_Communications
20,meter.net,/Computers/Data_Communications
21,mitel.com,/Computers/Data_Communications
22,tads.com,/Computers/Data_Communications
23,zyxel.com,/Computers/Data_Communications
24,speedof.me,/Computers/Data_Communications
25,aussiebroadband.com.au,/Computers/Data_Communications
26,earnware.com,/Computers/Data_Communications
27,ruckuswireless.com,/Computers/Data_Communications
28,callfire.com,/Computers/Data_Communications
29,extremenetworks.com,/Computers/Data_Communications
30,alcatel-lucent.com,/Computers/Data_Communications
31,ciscopress.com,/Computers/Data_Communications
32,bluetooth.com,/Computers/Data_Communications
33,neustar.biz,/Computers/Data_Communications
34,shoretelsky.com,/Computers/Data_Communications
35,digi.com,/Computers/Data_Communications
36,bandwidthplace.com,/Computers/Data_Communications
37,ciena.com,/Computers/Data_Communications
38,rexel.com,/Computers/Data_Communications
39,standards.ieee.org,/Computers/Data_Communications
40,esker.com,/Computers/Data_Communications
41,aerohive.com,/Computers/Data_Communications
42,megapath.com,/Computers/Data_Communications
43,wi-fi.org,/Computers/Data_Communications
44,actiontec.com,/Computers/Data_Communications
45,proxim.com,/Computers/Data_Communications
46,blackbox.com,/Computers/Data_Communications
47,adtran.com,/Computers/Data_Communications
48,versadial.com,/Computers/Data_Communications
49,flukenetworks.com,/Computers/Data_Communications
0,ilovepdf.com,/Computers/Data_Formats
1,smallpdf.com,/Computers/Data_Formats
2,online-convert.com,/Computers/Data_Formats
3,convertio.co,/Computers/Data_Formats
4,zamzar.com,/Computers/Data_Formats
5,sodapdf.com,/Computers/Data_Formats
6,pdf2doc.com,/Computers/Data_Formats
7,freepdfconvert.com,/Computers/Data_Formats
8,sejda.com,/Computers/Data_Formats
9,css-tricks.com,/Computers/Data_Formats
10,pdfescape.com,/Computers/Data_Formats
11,pdfonline.com,/Computers/Data_Formats
12,foxitsoftware.com,/Computers/Data_Formats
13,onlineocr.net,/Computers/Data_Formats
14,aconvert.com,/Computers/Data_Formats
15,validator.w3.org,/Computers/Data_Formats
16,pdftoword.com,/Computers/Data_Formats
17,fileinfo.com,/Computers/Data_Formats
18,base64decode.org,/Computers/Data_Formats
19,cleancss.com,/Computers/Data_Formats
20,caniuse.com,/Computers/Data_Formats
21,designshack.net,/Computers/Data_Formats
22,ps2pdf.com,/Computers/Data_Formats
23,convertcase.net,/Computers/Data_Formats
24,file.org,/Computers/Data_Formats
25,pdfforge.org,/Computers/Data_Formats
26,convertfiles.com,/Computers/Data_Formats
27,convertcsv.com,/Computers/Data_Formats
28,htmlgoodies.com,/Computers/Data_Formats
29,fileformat.info,/Computers/Data_Formats
30,html5rocks.com,/Computers/Data_Formats
31,whatwg.org,/Computers/Data_Formats
32,qrstuff.com,/Computers/Data_Formats
33,freefileconvert.com,/Computers/Data_Formats
34,investintech.com,/Computers/Data_Formats
35,pdfconvertonline.com,/Computers/Data_Formats
36,unicode.org,/Computers/Data_Formats
37,convert-my-image.com,/Computers/Data_Formats
38,cssminifier.com,/Computers/Data_Formats
39,pdfaid.com,/Computers/Data_Formats
40,powermapper.com,/Computers/Data_Formats
41,file-extensions.org,/Computers/Data_Formats
42,compart.com,/Computers/Data_Formats
43,mozdev.org,/Computers/Data_Formats
44,htmlhelp.com,/Computers/Data_Formats
45,bluebeam.com,/Computers/Data_Formats
46,openthefile.net,/Computers/Data_Formats
47,pdfmerge.w69b.com,/Computers/Data_Formats
48,filedesc.com,/Computers/Data_Formats
49,cssdrive.com,/Computers/Data_Formats
0,serif.com,/Computers/Desktop_Publishing
1,indesignsecrets.com,/Computers/Desktop_Publishing
2,quark.com,/Computers/Desktop_Publishing
3,scribus.net,/Computers/Desktop_Publishing
4,prepressure.com,/Computers/Desktop_Publishing
5,woodwing.com,/Computers/Desktop_Publishing
6,gadwin.com,/Computers/Desktop_Publishing
7,wiki.scribus.net,/Computers/Desktop_Publishing
8,65bit.com,/Computers/Desktop_Publishing
9,belltechsystems.com,/Computers/Desktop_Publishing
10,planetquark.com,/Computers/Desktop_Publishing
11,printfree.com,/Computers/Desktop_Publishing
12,advpubtech.com,/Computers/Desktop_Publishing
13,mountaincow.com,/Computers/Desktop_Publishing
14,emagcreator.com,/Computers/Desktop_Publishing
15,catbase.com,/Computers/Desktop_Publishing
16,desktoppublishingforum.com,/Computers/Desktop_Publishing
17,zevrix.com,/Computers/Desktop_Publishing
18,creatorsoftware.com,/Computers/Desktop_Publishing
19,lumapix.com,/Computers/Desktop_Publishing
20,businesscards-mx.com,/Computers/Desktop_Publishing
21,layoutltd.com,/Computers/Desktop_Publishing
22,design-lib.com,/Computers/Desktop_Publishing
23,vjoon.com,/Computers/Desktop_Publishing
24,indisnip.wordpress.com,/Computers/Desktop_Publishing
25,vidgen.sourceforge.net,/Computers/Desktop_Publishing
26,desktoppub.about.com,/Computers/Desktop_Publishing
27,docs.scribus.net,/Computers/Desktop_Publishing
28,aextra.biz,/Computers/Desktop_Publishing
29,arts-letters.com,/Computers/Desktop_Publishing
30,badiasoftware.com,/Computers/Desktop_Publishing
31,clientbirthday.com,/Computers/Desktop_Publishing
32,bizcardsoftware.com,/Computers/Desktop_Publishing
33,cd-label-designer.com,/Computers/Desktop_Publishing
34,cdpug.org,/Computers/Desktop_Publishing
35,collegefundsoftware.com,/Computers/Desktop_Publishing
36,daddydesktop.com,/Computers/Desktop_Publishing
37,design-tools.com,/Computers/Desktop_Publishing
38,digi-labs.net,/Computers/Desktop_Publishing
39,thedynamicpublisher.com,/Computers/Desktop_Publishing
40,epagemaster.com,/Computers/Desktop_Publishing
41,free-download-free.com,/Computers/Desktop_Publishing
42,impression.ro,/Computers/Desktop_Publishing
43,indesignusergroup.com,/Computers/Desktop_Publishing
44,josephstubbscreations.com,/Computers/Desktop_Publishing
45,maned.com,/Computers/Desktop_Publishing
46,pagestream.org,/Computers/Desktop_Publishing
47,payplaysoftware.com,/Computers/Desktop_Publishing
48,indesign.pluginsworld.com,/Computers/Desktop_Publishing
49,postersw.com,/Computers/Desktop_Publishing
0,compinfo-center.com,/Computers/Directories
0,gutenberg.org,/Computers/E-Books
1,bookbub.com,/Computers/E-Books
2,calibre-ebook.com,/Computers/E-Books
3,kobobooks.com,/Computers/E-Books
4,manybooks.net,/Computers/E-Books
5,bookboon.com,/Computers/E-Books
6,freebookcentre.net,/Computers/E-Books
7,planetebook.com,/Computers/E-Books
8,loyalbooks.com,/Computers/E-Books
9,bookgorilla.com,/Computers/E-Books
10,e-booksdirectory.com,/Computers/E-Books
11,fbreader.org,/Computers/E-Books
12,obooko.com,/Computers/E-Books
13,pocketbook-int.com,/Computers/E-Books
14,freetechbooks.com,/Computers/E-Books
15,ebookstage.com,/Computers/E-Books
16,flipviewer.com,/Computers/E-Books
17,idpf.org,/Computers/E-Books
18,teleread.com,/Computers/E-Books
19,isilo.com,/Computers/E-Books
20,booklending.com,/Computers/E-Books
21,ebookmaestro.com,/Computers/E-Books
22,megazine3.de,/Computers/E-Books
23,pdf.coreservlets.com,/Computers/E-Books
24,ebookcompiler.com,/Computers/E-Books
25,freeebooknetwork.com,/Computers/E-Books
26,bookeen.com,/Computers/E-Books
27,ebookswriter.com,/Computers/E-Books
28,onestopfiction.com,/Computers/E-Books
29,natata.com,/Computers/E-Books
30,ebook88.com,/Computers/E-Books
31,ebookme.sourceforge.net,/Computers/E-Books
32,conference.digitalbookworld.com,/Computers/E-Books
33,thebookhub.in,/Computers/E-Books
34,bookbuddi.com,/Computers/E-Books
35,coverfactory.com,/Computers/E-Books
36,sibs.desktopauthor.com,/Computers/E-Books
37,ereaders-foryou.com,/Computers/E-Books
38,eanagnosis.com,/Computers/E-Books
39,easymediabroadcast.com,/Computers/E-Books
40,ebookpro.com,/Computers/E-Books
41,ebooks-pilot.com,/Computers/E-Books
42,ebooktakeaway.com,/Computers/E-Books
43,ebooklib.50webs.com,/Computers/E-Books
44,howtodecide.com,/Computers/E-Books
45,icarusreader.com,/Computers/E-Books
46,jointech.com.hk,/Computers/E-Books
47,newtonslibrary.org,/Computers/E-Books
48,openreader.org,/Computers/E-Books
49,pubolab.com,/Computers/E-Books
0,codecademy.com,/Computers/Education
1,proprofs.com,/Computers/Education
2,kb.iu.edu,/Computers/Education
3,comptia.org,/Computers/Education
4,staffkit.com,/Computers/Education
5,whizlabs.com,/Computers/Education
6,prometric.com,/Computers/Education
7,cbtnuggets.com,/Computers/Education
8,homeandlearn.co.uk,/Computers/Education
9,eccouncil.org,/Computers/Education
10,ucertify.com,/Computers/Education
11,education.oracle.com,/Computers/Education
12,isc2.org,/Computers/Education
13,koenig-solutions.com,/Computers/Education
14,petri.co.il,/Computers/Education
15,project-management-prepcast.com,/Computers/Education
16,newhorizons.com,/Computers/Education
17,toolingu.com,/Computers/Education
18,ine.com,/Computers/Education
19,gcreddy.com,/Computers/Education
20,netcomlearning.com,/Computers/Education
21,quickstart.com,/Computers/Education
22,brainmeasures.com,/Computers/Education
23,excel-exercise.com,/Computers/Education
24,discoveryvip.com,/Computers/Education
25,interfacett.com,/Computers/Education
26,mcpmag.com,/Computers/Education
27,4pmti.com,/Computers/Education
28,pcprofessor.com,/Computers/Education
29,lpi.org,/Computers/Education
30,boson.com,/Computers/Education
31,grovo.com,/Computers/Education
32,activia.co.uk,/Computers/Education
33,microassist.com,/Computers/Education
34,english4it.com,/Computers/Education
35,exitcertified.com,/Computers/Education
36,pass4sure.com,/Computers/Education
37,mcstech.net,/Computers/Education
38,pmzilla.com,/Computers/Education
39,testking.com,/Computers/Education
40,ciwcertified.com,/Computers/Education
41,trios.com,/Computers/Education
42,itexamvouchers.com,/Computers/Education
43,mclabs.com,/Computers/Education
44,perscholas.org,/Computers/Education
45,deepfriedbrainproject.com,/Computers/Education
46,intenseschool.com,/Computers/Education
47,preparepm.com,/Computers/Education
48,pmstudy.com,/Computers/Education
49,ledet.com,/Computers/Education
0,vmware.com,/Computers/Emulators
1,virtualbox.org,/Computers/Emulators
2,parallels.com,/Computers/Emulators
3,winehq.org,/Computers/Emulators
4,dosbox.com,/Computers/Emulators
5,zophar.net,/Computers/Emulators
6,codeweavers.com,/Computers/Emulators
7,vmblog.com,/Computers/Emulators
8,amigaforever.com,/Computers/Emulators
9,virtual-strategy.com,/Computers/Emulators
10,aep-emu.de,/Computers/Emulators
11,wiki.qemu.org,/Computers/Emulators
12,yellow-bricks.com,/Computers/Emulators
13,1emulation.com,/Computers/Emulators
14,pcem-emulator.co.uk,/Computers/Emulators
15,pom1.sourceforge.net,/Computers/Emulators
16,vice-emu.sourceforge.net,/Computers/Emulators
17,stairwaytohell.com,/Computers/Emulators
18,ccs64.com,/Computers/Emulators
19,emaculation.com,/Computers/Emulators
20,winuae.net,/Computers/Emulators
21,bochs.sourceforge.net,/Computers/Emulators
22,8bs.com,/Computers/Emulators
23,stardot.org.uk,/Computers/Emulators
24,cpcalive.com,/Computers/Emulators
25,hoxs64.net,/Computers/Emulators
26,emulationrealm.net,/Computers/Emulators
27,emulators.com,/Computers/Emulators
28,source.winehq.org,/Computers/Emulators
29,retrogames.com,/Computers/Emulators
30,hatari.tuxfamily.org,/Computers/Emulators
31,trs-80.com,/Computers/Emulators
32,basilisk.cebix.net,/Computers/Emulators
33,funsoft.com,/Computers/Emulators
34,virtualization.net,/Computers/Emulators
35,virtualization.info,/Computers/Emulators
36,openmsx.org,/Computers/Emulators
37,simh.trailing-edge.com,/Computers/Emulators
38,applecommander.sourceforge.net,/Computers/Emulators
39,arcem.sourceforge.net,/Computers/Emulators
40,bfe.sourceforge.net,/Computers/Emulators
41,catakig.sourceforge.net,/Computers/Emulators
42,ciderpress.sourceforge.net,/Computers/Emulators
43,cef.sourceforge.net,/Computers/Emulators
44,dosemu.sourceforge.net,/Computers/Emulators
45,emu51.sourceforge.net,/Computers/Emulators
46,fuse-emulator.sourceforge.net,/Computers/Emulators
47,gccmvs.sourceforge.net,/Computers/Emulators
48,gnuton.sourceforge.net,/Computers/Emulators
49,gsport.sourceforge.net,/Computers/Emulators
0,cpsr.org,/Computers/Ethics
1,ethics.csc.ncsu.edu,/Computers/Ethics
2,icie.zkm.de,/Computers/Ethics
3,computingcases.org,/Computers/Ethics
4,dangersofinternetdating.com,/Computers/Ethics
5,icharter.org,/Computers/Ethics
6,netfuture.org,/Computers/Ethics
0,howtogeek.com,"/Computers/FAQs,_Help,_and_Tutorials"
1,techtarget.com,"/Computers/FAQs,_Help,_and_Tutorials"
2,online-tech-tips.com,"/Computers/FAQs,_Help,_and_Tutorials"
3,technipages.com,"/Computers/FAQs,_Help,_and_Tutorials"
4,computer.howstuffworks.com,"/Computers/FAQs,_Help,_and_Tutorials"
5,tutorialized.com,"/Computers/FAQs,_Help,_and_Tutorials"
6,etutorials.org,"/Computers/FAQs,_Help,_and_Tutorials"
7,simplehelp.net,"/Computers/FAQs,_Help,_and_Tutorials"
8,tacktech.com,"/Computers/FAQs,_Help,_and_Tutorials"
9,onlinecomputertips.com,"/Computers/FAQs,_Help,_and_Tutorials"
10,rescuecom.com,"/Computers/FAQs,_Help,_and_Tutorials"
11,marksanborn.net,"/Computers/FAQs,_Help,_and_Tutorials"
12,tutorialguide.net,"/Computers/FAQs,_Help,_and_Tutorials"
13,internet-guide.co.uk,"/Computers/FAQs,_Help,_and_Tutorials"
14,techiwarehouse.com,"/Computers/FAQs,_Help,_and_Tutorials"
15,walthowe.com,"/Computers/FAQs,_Help,_and_Tutorials"
16,seniorsguidetocomputers.com,"/Computers/FAQs,_Help,_and_Tutorials"
17,felgall.com,"/Computers/FAQs,_Help,_and_Tutorials"
18,atechaz.com,"/Computers/FAQs,_Help,_and_Tutorials"
19,allhotkeys.com,"/Computers/FAQs,_Help,_and_Tutorials"
20,computerarticles.co.uk,"/Computers/FAQs,_Help,_and_Tutorials"
21,computerhelpatoz.com,"/Computers/FAQs,_Help,_and_Tutorials"
22,pc-internet-tips.blogspot.com,"/Computers/FAQs,_Help,_and_Tutorials"
23,computertutorforseniors.com,"/Computers/FAQs,_Help,_and_Tutorials"
24,computersforretirees.com,"/Computers/FAQs,_Help,_and_Tutorials"
25,osaat.co.uk,"/Computers/FAQs,_Help,_and_Tutorials"
26,computertim.com,"/Computers/FAQs,_Help,_and_Tutorials"
27,cyberiapc.com,"/Computers/FAQs,_Help,_and_Tutorials"
28,davekb.com,"/Computers/FAQs,_Help,_and_Tutorials"
29,etherpunk.com,"/Computers/FAQs,_Help,_and_Tutorials"
30,examware.com,"/Computers/FAQs,_Help,_and_Tutorials"
31,help-site.com,"/Computers/FAQs,_Help,_and_Tutorials"
32,jgorski.com,"/Computers/FAQs,_Help,_and_Tutorials"
33,malektips.com,"/Computers/FAQs,_Help,_and_Tutorials"
34,maximumpcguides.com,"/Computers/FAQs,_Help,_and_Tutorials"
35,onlinehelp-uk.com,"/Computers/FAQs,_Help,_and_Tutorials"
36,pebcac.net,"/Computers/FAQs,_Help,_and_Tutorials"
37,resourceit.co.uk,"/Computers/FAQs,_Help,_and_Tutorials"
38,richweb.net,"/Computers/FAQs,_Help,_and_Tutorials"
39,schooltechnician.co.uk,"/Computers/FAQs,_Help,_and_Tutorials"
40,techtutor.tv,"/Computers/FAQs,_Help,_and_Tutorials"
41,tiptrickmod.com,"/Computers/FAQs,_Help,_and_Tutorials"
42,tutorialmasters.com,"/Computers/FAQs,_Help,_and_Tutorials"
43,websdepot.com,"/Computers/FAQs,_Help,_and_Tutorials"
0,pixabay.com,/Computers/Graphics
1,flaticon.com,/Computers/Graphics
2,dafont.com,/Computers/Graphics
3,myfonts.com,/Computers/Graphics
4,1001fonts.com,/Computers/Graphics
5,fontsquirrel.com,/Computers/Graphics
6,iconfinder.com,/Computers/Graphics
7,1001freefonts.com,/Computers/Graphics
8,icons8.com,/Computers/Graphics
9,thenounproject.com,/Computers/Graphics
10,urbanfonts.com,/Computers/Graphics
11,w3layouts.com,/Computers/Graphics
12,freeimages.com,/Computers/Graphics
13,icon-icons.com,/Computers/Graphics
14,iconarchive.com,/Computers/Graphics
15,textures.com,/Computers/Graphics
16,fontspring.com,/Computers/Graphics
17,ffonts.net,/Computers/Graphics
18,flamingtext.com,/Computers/Graphics
19,free-fonts.com,/Computers/Graphics
20,morguefile.com,/Computers/Graphics
21,gograph.com,/Computers/Graphics
22,iconmonstr.com,/Computers/Graphics
23,evermotion.org,/Computers/Graphics
24,favicon.cc,/Computers/Graphics
25,fontshop.com,/Computers/Graphics
26,clker.com,/Computers/Graphics
27,linotype.com,/Computers/Graphics
28,abstractfonts.com,/Computers/Graphics
29,findicons.com,/Computers/Graphics
30,clipart.com,/Computers/Graphics
31,chickensmoothie.com,/Computers/Graphics
32,iconsdb.com,/Computers/Graphics
33,monotype.com,/Computers/Graphics
34,peachpit.com,/Computers/Graphics
35,elated.com,/Computers/Graphics
36,fontlibrary.org,/Computers/Graphics
37,smileycentral.com,/Computers/Graphics
38,netfontes.com.br,/Computers/Graphics
39,awn.com,/Computers/Graphics
40,pictogram2.com,/Computers/Graphics
41,siggraph.org,/Computers/Graphics
42,goodfreephotos.com,/Computers/Graphics
43,grsites.com,/Computers/Graphics
44,dryicons.com,/Computers/Graphics
45,disneyclips.com,/Computers/Graphics
46,fonts101.com,/Computers/Graphics
47,famfonts.com,/Computers/Graphics
48,classroomclipart.com,/Computers/Graphics
49,fontyukle.net,/Computers/Graphics
0,hackaday.com,/Computers/Hacking
1,hackforums.net,/Computers/Hacking
2,exploit-db.com,/Computers/Hacking
3,offensive-security.com,/Computers/Hacking
4,makezine.com,/Computers/Hacking
5,thinkgeek.com,/Computers/Hacking
6,blackhat.com,/Computers/Hacking
7,iacr.org,/Computers/Hacking
8,metasploit.com,/Computers/Hacking
9,hakin9.org,/Computers/Hacking
10,securityfocus.com,/Computers/Hacking
11,wigle.net,/Computers/Hacking
12,fulldisclosure.org,/Computers/Hacking
13,sectools.org,/Computers/Hacking
14,defcon.org,/Computers/Hacking
15,spacerogue.net,/Computers/Hacking
16,hellboundhackers.org,/Computers/Hacking
17,phrack.org,/Computers/Hacking
18,securitytracker.com,/Computers/Hacking
19,freedom-to-tinker.com,/Computers/Hacking
20,hackedgadgets.com,/Computers/Hacking
21,conference.hitb.org,/Computers/Hacking
22,reteam.org,/Computers/Hacking
23,astalavista.com,/Computers/Hacking
24,garage4hackers.com,/Computers/Hacking
25,fab-corp.com,/Computers/Hacking
26,attrition.org,/Computers/Hacking
27,2600.com,/Computers/Hacking
28,soldierx.com,/Computers/Hacking
29,binrev.com,/Computers/Hacking
30,cellphonehacks.com,/Computers/Hacking
31,tinkerlog.com,/Computers/Hacking
32,cultdeadcow.com,/Computers/Hacking
33,undergroundnews.com,/Computers/Hacking
34,karosium.com,/Computers/Hacking
35,0xdeadbeef.info,/Computers/Hacking
36,hackershomepage.com,/Computers/Hacking
37,moaphie.awardspace.com,/Computers/Hacking
38,crkv.chat.ru,/Computers/Hacking
39,mdk.iwarp.com,/Computers/Hacking
40,artofhacking.com,/Computers/Hacking
41,banpiracy.com,/Computers/Hacking
42,bfi.s0ftpj.org,/Computers/Hacking
43,deroko.phearless.org,/Computers/Hacking
44,blackhat.be,/Computers/Hacking
45,cryptographyworld.com,/Computers/Hacking
46,diarrlf.wordpress.com,/Computers/Hacking
47,enzotech.net,/Computers/Hacking
48,hackcanada.com,/Computers/Hacking
49,premium.thehackademy.net,/Computers/Hacking
0,hp.com,/Computers/Hardware
1,dell.com,/Computers/Hardware
2,asus.com,/Computers/Hardware
3,ibm.com,/Computers/Hardware
4,newegg.com,/Computers/Hardware
5,intel.com,/Computers/Hardware
6,nvidia.com,/Computers/Hardware
7,ieee.org,/Computers/Hardware
8,store.apple.com,/Computers/Hardware
9,tomshardware.com,/Computers/Hardware
10,arduino.cc,/Computers/Hardware
11,techspot.com,/Computers/Hardware
12,amd.com,/Computers/Hardware
13,arstechnica.com,/Computers/Hardware
14,computerhope.com,/Computers/Hardware
15,raspberrypi.org,/Computers/Hardware
16,logitech.com,/Computers/Hardware
17,microcenter.com,/Computers/Hardware
18,epson.com,/Computers/Hardware
19,anandtech.com,/Computers/Hardware
20,guru3d.com,/Computers/Hardware
21,nist.gov,/Computers/Hardware
22,seagate.com,/Computers/Hardware
23,wacom.com,/Computers/Hardware
24,westerndigital.com,/Computers/Hardware
25,ingrammicro.com,/Computers/Hardware
26,neoseeker.com,/Computers/Hardware
27,asrock.com,/Computers/Hardware
28,crucial.com,/Computers/Hardware
29,videohelp.com,/Computers/Hardware
30,extremetech.com,/Computers/Hardware
31,cdw.com,/Computers/Hardware
32,tweaktown.com,/Computers/Hardware
33,steelseries.com,/Computers/Hardware
34,frys.com,/Computers/Hardware
35,coolermaster.com,/Computers/Hardware
36,pccasegear.com,/Computers/Hardware
37,microchip.com,/Computers/Hardware
38,kingston.com,/Computers/Hardware
39,apc.com,/Computers/Hardware
40,wdc.com,/Computers/Hardware
41,onlinelabels.com,/Computers/Hardware
42,toshiba.com,/Computers/Hardware
43,avsforum.com,/Computers/Hardware
44,lexmark.com,/Computers/Hardware
45,macsales.com,/Computers/Hardware
46,arm.com,/Computers/Hardware
47,creative.com,/Computers/Hardware
48,netapp.com,/Computers/Hardware
49,sandisk.com,/Computers/Hardware
0,gatesfoundation.org,/Computers/History
1,computerhistory.org,/Computers/History
2,allaboutstevejobs.com,/Computers/History
3,zuse.zib.de,/Computers/History
4,kurzweilai.net,/Computers/History
5,oldcomputers.net,/Computers/History
6,stallman.org,/Computers/History
7,paulallen.com,/Computers/History
8,thocp.net,/Computers/History
9,woz.org,/Computers/History
10,cbi.umn.edu,/Computers/History
11,nomodes.com,/Computers/History
12,moore.org,/Computers/History
13,emeagwali.com,/Computers/History
14,bricklin.com,/Computers/History
15,singularity.com,/Computers/History
16,brlcad.org,/Computers/History
17,pc-history.org,/Computers/History
18,lecture.eingang.org,/Computers/History
19,papert.org,/Computers/History
20,unrev.stanford.edu,/Computers/History
21,audio-video.gnu.org,/Computers/History
22,charlesinspace.com,/Computers/History
23,computernostalgia.net,/Computers/History
24,digitalresearch.biz,/Computers/History
25,invisiblerevolution.net,/Computers/History
26,fantastic-voyage.net,/Computers/History
27,gracehopper.org,/Computers/History
28,kurzweiltech.com,/Computers/History
29,naur.com,/Computers/History
30,thecorememory.com,/Computers/History
31,rayandterry.com,/Computers/History
32,weather-dimensions.com,/Computers/History
0,nest.com,/Computers/Home_Automation
1,crestron.com,/Computers/Home_Automation
2,control4.com,/Computers/Home_Automation
3,smarthome.com,/Computers/Home_Automation
4,legrand.us,/Computers/Home_Automation
5,getvera.com,/Computers/Home_Automation
6,homeseer.com,/Computers/Home_Automation
7,homecontrols.com,/Computers/Home_Automation
8,amx.com,/Computers/Home_Automation
9,echelon.com,/Computers/Home_Automation
10,unitronics.com,/Computers/Home_Automation
11,elanhomesystems.com,/Computers/Home_Automation
12,coolautomation.com,/Computers/Home_Automation
13,channelvision.com,/Computers/Home_Automation
14,cytech.biz,/Computers/Home_Automation
15,rcstechnology.com,/Computers/Home_Automation
16,hometoys.com,/Computers/Home_Automation
17,charmedquark.com,/Computers/Home_Automation
18,quasarelectronics.co.uk,/Computers/Home_Automation
19,futureautomation.co.uk,/Computers/Home_Automation
20,automatedliving.com,/Computers/Home_Automation
21,asihome.com,/Computers/Home_Automation
22,cjcsystems.com,/Computers/Home_Automation
23,promixis.com,/Computers/Home_Automation
24,misterhouse.sourceforge.net,/Computers/Home_Automation
25,act-solutions.com,/Computers/Home_Automation
26,avocationsystems.com,/Computers/Home_Automation
27,big-i.in,/Computers/Home_Automation
28,chesapeakesmarthomes.com,/Computers/Home_Automation
29,powerlinecommunications.net,/Computers/Home_Automation
30,controlplus.biz,/Computers/Home_Automation
31,csslabs.de,/Computers/Home_Automation
32,cybrotech.co.uk,/Computers/Home_Automation
33,dianemo.co.uk,/Computers/Home_Automation
34,ehchomes.com,/Computers/Home_Automation
35,electronicsolutionsco.com,/Computers/Home_Automation
36,eventghost.org,/Computers/Home_Automation
37,homeauto.com,/Computers/Home_Automation
38,housebot.com,/Computers/Home_Automation
39,ingenovie.com,/Computers/Home_Automation
40,intellahome.com,/Computers/Home_Automation
41,jclautomation.com,/Computers/Home_Automation
42,magnocomp.com,/Computers/Home_Automation
43,omnipotencesoftware.com,/Computers/Home_Automation
44,pacificcable.com,/Computers/Home_Automation
45,pushcontrols.com,/Computers/Home_Automation
46,surfnetworks.com,/Computers/Home_Automation
47,telcoma.it,/Computers/Home_Automation
48,vantagecontrols.com,/Computers/Home_Automation
49,goverge.com,/Computers/Home_Automation
0,usertesting.com,/Computers/Human-Computer_Interaction
1,nngroup.com,/Computers/Human-Computer_Interaction
2,baymard.com,/Computers/Human-Computer_Interaction
3,trymyui.com,/Computers/Human-Computer_Interaction
4,usabilla.com,/Computers/Human-Computer_Interaction
5,userfeel.com,/Computers/Human-Computer_Interaction
6,december.com,/Computers/Human-Computer_Interaction
7,websiteoptimization.com,/Computers/Human-Computer_Interaction
8,measuringu.com,/Computers/Human-Computer_Interaction
9,user.com,/Computers/Human-Computer_Interaction
10,uie.com,/Computers/Human-Computer_Interaction
11,aptima.com,/Computers/Human-Computer_Interaction
12,sigchi.org,/Computers/Human-Computer_Interaction
13,humanfactors.com,/Computers/Human-Computer_Interaction
14,filamentgroup.com,/Computers/Human-Computer_Interaction
15,lukew.com,/Computers/Human-Computer_Interaction
16,loop11.com,/Computers/Human-Computer_Interaction
17,cooper.com,/Computers/Human-Computer_Interaction
18,captology.stanford.edu,/Computers/Human-Computer_Interaction
19,jnd.org,/Computers/Human-Computer_Interaction
20,adaptivepath.com,/Computers/Human-Computer_Interaction
21,techved.com,/Computers/Human-Computer_Interaction
22,altia.com,/Computers/Human-Computer_Interaction
23,hci.stanford.edu,/Computers/Human-Computer_Interaction
24,hcii.cmu.edu,/Computers/Human-Computer_Interaction
25,firstinsights.com,/Computers/Human-Computer_Interaction
26,tandemseven.com,/Computers/Human-Computer_Interaction
27,foolproof.co.uk,/Computers/Human-Computer_Interaction
28,telono.com,/Computers/Human-Computer_Interaction
29,jeffgothelf.com,/Computers/Human-Computer_Interaction
30,userbob.com,/Computers/Human-Computer_Interaction
31,creativegood.com,/Computers/Human-Computer_Interaction
32,nathan.com,/Computers/Human-Computer_Interaction
33,hci.ucsd.edu,/Computers/Human-Computer_Interaction
34,hcibib.org,/Computers/Human-Computer_Interaction
35,chrisharrison.net,/Computers/Human-Computer_Interaction
36,frontend.com,/Computers/Human-Computer_Interaction
37,slicedbreaddesign.com,/Computers/Human-Computer_Interaction
38,namahn.com,/Computers/Human-Computer_Interaction
39,rocketcom.com,/Computers/Human-Computer_Interaction
40,teced.com,/Computers/Human-Computer_Interaction
41,interruptions.net,/Computers/Human-Computer_Interaction
42,centralis.com,/Computers/Human-Computer_Interaction
43,silent.se,/Computers/Human-Computer_Interaction
44,id-book.com,/Computers/Human-Computer_Interaction
45,lextant.com,/Computers/Human-Computer_Interaction
46,boltpeters.com,/Computers/Human-Computer_Interaction
47,torchi.org,/Computers/Human-Computer_Interaction
48,reuten.com.au,/Computers/Human-Computer_Interaction
49,mentalmodels.com,/Computers/Human-Computer_Interaction
0,google.com,/Computers/Internet
1,youtube.com,/Computers/Internet
2,mail.google.com,/Computers/Internet
3,facebook.com,/Computers/Internet
4,yahoo.com,/Computers/Internet
5,search.yahoo.com,/Computers/Internet
6,bing.com,/Computers/Internet
7,twitter.com,/Computers/Internet
8,mail.yahoo.com,/Computers/Internet
9,wordpress.com,/Computers/Internet
10,msn.com,/Computers/Internet
11,linkedin.com,/Computers/Internet
12,dropbox.com,/Computers/Internet
13,tumblr.com,/Computers/Internet
14,imgur.com,/Computers/Internet
15,soundcloud.com,/Computers/Internet
16,slideshare.net,/Computers/Internet
17,cnet.com,/Computers/Internet
18,fiverr.com,/Computers/Internet
19,pinterest.com,/Computers/Internet
20,godaddy.com,/Computers/Internet
21,aws.amazon.com,/Computers/Internet
22,archive.org,/Computers/Internet
23,vimeo.com,/Computers/Internet
24,mediafire.com,/Computers/Internet
25,duckduckgo.com,/Computers/Internet
26,ask.com,/Computers/Internet
27,scribd.com,/Computers/Internet
28,blogger.com,/Computers/Internet
29,zoho.com,/Computers/Internet
30,box.com,/Computers/Internet
31,xfinity.com,/Computers/Internet
32,livejournal.com,/Computers/Internet
33,aol.com,/Computers/Internet
34,hootsuite.com,/Computers/Internet
35,surveymonkey.com,/Computers/Internet
36,squarespace.com,/Computers/Internet
37,mega.nz,/Computers/Internet
38,mailchimp.com,/Computers/Internet
39,prezi.com,/Computers/Internet
40,rediff.com,/Computers/Internet
41,myway.com,/Computers/Internet
42,bitly.com,/Computers/Internet
43,go.com,/Computers/Internet
44,flickr.com,/Computers/Internet
45,meetup.com,/Computers/Internet
46,alexa.com,/Computers/Internet
47,qualtrics.com,/Computers/Internet
48,developers.facebook.com,/Computers/Internet
49,constantcontact.com,/Computers/Internet
0,northernlight.com,/Computers/Intranet
1,intellithought.com,/Computers/Intranet
2,adenin.com,/Computers/Intranet
3,orionsmith.com,/Computers/Intranet
4,intranetsolutions.westlaw.com,/Computers/Intranet
5,ardan.net,/Computers/Intranet
6,billboard.net,/Computers/Intranet
7,epages.net,/Computers/Intranet
8,intrafinity.com,/Computers/Intranet
9,intranetroadmap.com,/Computers/Intranet
10,iorg.com,/Computers/Intranet
11,kilobox.net,/Computers/Intranet
12,lendingtools.com,/Computers/Intranet
13,operitel.com,/Computers/Intranet
14,sutrosoftware.com,/Computers/Intranet
15,teamworksonline.com,/Computers/Intranet
16,unitedplanet.com,/Computers/Intranet
17,viador.com,/Computers/Intranet
0,infopackets.com,/Computers/Mailing_Lists
1,thenakedpc.com,/Computers/Mailing_Lists
2,pencildude.com,/Computers/Mailing_Lists
3,aaasoftware-ezine.com,/Computers/Mailing_Lists
0,nttdocomo.co.jp,/Computers/Mobile_Computing
1,tomtom.com,/Computers/Mobile_Computing
2,sonymobile.com,/Computers/Mobile_Computing
3,mobilesyrup.com,/Computers/Mobile_Computing
4,blackberry.com,/Computers/Mobile_Computing
5,clickatell.com,/Computers/Mobile_Computing
6,mobilemarketer.com,/Computers/Mobile_Computing
7,honeywellaidc.com,/Computers/Mobile_Computing
8,mobileheart.com,/Computers/Mobile_Computing
9,access-company.com,/Computers/Mobile_Computing
10,nomadix.com,/Computers/Mobile_Computing
11,latticesemi.com,/Computers/Mobile_Computing
12,getac.com,/Computers/Mobile_Computing
13,telecoms.com,/Computers/Mobile_Computing
14,ents24.com,/Computers/Mobile_Computing
15,developershome.com,/Computers/Mobile_Computing
16,ipipi.com,/Computers/Mobile_Computing
17,smsbroadcast.com.au,/Computers/Mobile_Computing
18,indiasms.com,/Computers/Mobile_Computing
19,mobiledit.com,/Computers/Mobile_Computing
20,allaboutsymbian.com,/Computers/Mobile_Computing
21,kannel.org,/Computers/Mobile_Computing
22,4info.com,/Computers/Mobile_Computing
23,4g.co.uk,/Computers/Mobile_Computing
24,nowsms.com,/Computers/Mobile_Computing
25,ozeki.hu,/Computers/Mobile_Computing
26,sigmobile.org,/Computers/Mobile_Computing
27,redoxygen.com,/Computers/Mobile_Computing
28,racowireless.com,/Computers/Mobile_Computing
29,malaysianwireless.com,/Computers/Mobile_Computing
30,txtdrop.com,/Computers/Mobile_Computing
31,nauticomp.com,/Computers/Mobile_Computing
32,wireless-nets.com,/Computers/Mobile_Computing
33,audiko.net,/Computers/Mobile_Computing
34,nexterna.com,/Computers/Mobile_Computing
35,screenpilot.com,/Computers/Mobile_Computing
36,option.com,/Computers/Mobile_Computing
37,openmobilealliance.org,/Computers/Mobile_Computing
38,trutower.com,/Computers/Mobile_Computing
39,usatcorp.com,/Computers/Mobile_Computing
40,truesenses.com,/Computers/Mobile_Computing
41,playphone.com,/Computers/Mobile_Computing
42,groupmobile.com,/Computers/Mobile_Computing
43,shape.ag,/Computers/Mobile_Computing
44,concretesoftware.com,/Computers/Mobile_Computing
45,blog.3g4g.co.uk,/Computers/Mobile_Computing
46,ruggednotebooks.com,/Computers/Mobile_Computing
47,symbian-freak.com,/Computers/Mobile_Computing
48,deadzones.com,/Computers/Mobile_Computing
49,ethervision.net,/Computers/Mobile_Computing
0,adobe.com,/Computers/Multimedia
1,wired.com,/Computers/Multimedia
2,last.fm,/Computers/Multimedia
3,opensubtitles.org,/Computers/Multimedia
4,videolan.org,/Computers/Multimedia
5,newgrounds.com,/Computers/Multimedia
6,movavi.com,/Computers/Multimedia
7,animoto.com,/Computers/Multimedia
8,dvdvideosoft.com,/Computers/Multimedia
9,cyberlink.com,/Computers/Multimedia
10,ableton.com,/Computers/Multimedia
11,native-instruments.com,/Computers/Multimedia
12,nch.com.au,/Computers/Multimedia
13,steinberg.net,/Computers/Multimedia
14,media.io,/Computers/Multimedia
15,videohelp.com,/Computers/Multimedia
16,kvraudio.com,/Computers/Multimedia
17,waves.com,/Computers/Multimedia
18,ffmpeg.org,/Computers/Multimedia
19,processing.org,/Computers/Multimedia
20,izotope.com,/Computers/Multimedia
21,flippingbook.com,/Computers/Multimedia
22,tv.adobe.com,/Computers/Multimedia
23,real.com,/Computers/Multimedia
24,soundonsound.com,/Computers/Multimedia
25,jibjab.com,/Computers/Multimedia
26,kaltura.com,/Computers/Multimedia
27,shoutcast.com,/Computers/Multimedia
28,afterdawn.com,/Computers/Multimedia
29,itpro.co.uk,/Computers/Multimedia
30,reaper.fm,/Computers/Multimedia
31,free-codecs.com,/Computers/Multimedia
32,foobar2000.org,/Computers/Multimedia
33,arturia.com,/Computers/Multimedia
34,winamp.com,/Computers/Multimedia
35,kirupa.com,/Computers/Multimedia
36,applian.com,/Computers/Multimedia
37,toontrack.com,/Computers/Multimedia
38,cakewalk.com,/Computers/Multimedia
39,smartmusic.com,/Computers/Multimedia
40,celemony.com,/Computers/Multimedia
41,mpc-hc.org,/Computers/Multimedia
42,mkvtoolnix.download,/Computers/Multimedia
43,vst4free.com,/Computers/Multimedia
44,sothink.com,/Computers/Multimedia
45,cycling74.com,/Computers/Multimedia
46,bytescout.com,/Computers/Multimedia
47,ferryhalim.com,/Computers/Multimedia
48,lmms.io,/Computers/Multimedia
49,vuze.com,/Computers/Multimedia
0,techradar.com,/Computers/News_and_Media
1,lifewire.com,/Computers/News_and_Media
2,pcmag.com,/Computers/News_and_Media
3,wired.com,/Computers/News_and_Media
4,techcrunch.com,/Computers/News_and_Media
5,arstechnica.com,/Computers/News_and_Media
6,laptopmag.com,/Computers/News_and_Media
7,pcworld.com,/Computers/News_and_Media
8,slashdot.org,/Computers/News_and_Media
9,theregister.co.uk,/Computers/News_and_Media
10,computerworld.com,/Computers/News_and_Media
11,extremetech.com,/Computers/News_and_Media
12,cio.com,/Computers/News_and_Media
13,techdirt.com,/Computers/News_and_Media
14,infoworld.com,/Computers/News_and_Media
15,techmeme.com,/Computers/News_and_Media
16,geek.com,/Computers/News_and_Media
17,readwrite.com,/Computers/News_and_Media
18,theinquirer.net,/Computers/News_and_Media
19,digitalartsonline.co.uk,/Computers/News_and_Media
20,gigaom.com,/Computers/News_and_Media
21,informationweek.com,/Computers/News_and_Media
22,geekextreme.com,/Computers/News_and_Media
23,quickonlinetips.com,/Computers/News_and_Media
24,cbronline.com,/Computers/News_and_Media
25,maximumpc.com,/Computers/News_and_Media
26,computing.co.uk,/Computers/News_and_Media
27,bitpipe.com,/Computers/News_and_Media
28,networkcomputing.com,/Computers/News_and_Media
29,computerworld.com.au,/Computers/News_and_Media
30,techshout.com,/Computers/News_and_Media
31,itbusiness.ca,/Computers/News_and_Media
32,linux-magazine.com,/Computers/News_and_Media
33,cioinsight.com,/Computers/News_and_Media
34,certmag.com,/Computers/News_and_Media
35,engineeringletters.com,/Computers/News_and_Media
36,futurelooks.com,/Computers/News_and_Media
37,xrds.acm.org,/Computers/News_and_Media
38,soylentnews.org,/Computers/News_and_Media
39,wwpi.com,/Computers/News_and_Media
40,webuser.co.uk,/Computers/News_and_Media
41,freshnews.org,/Computers/News_and_Media
42,geeknews.net,/Computers/News_and_Media
43,stevengould.org,/Computers/News_and_Media
44,newsfactor.com,/Computers/News_and_Media
45,spaceninja.com,/Computers/News_and_Media
46,computeruser.com,/Computers/News_and_Media
47,pc-history.org,/Computers/News_and_Media
48,pogue.blogs.nytimes.com,/Computers/News_and_Media
49,pcpro.co.uk,/Computers/News_and_Media
0,en.wikipedia.org,/Computers/Open_Source
1,github.com,/Computers/Open_Source
2,mozilla.org,/Computers/Open_Source
3,sourceforge.net,/Computers/Open_Source
4,apache.org,/Computers/Open_Source
5,notepad-plus-plus.org,/Computers/Open_Source
6,slashdot.org,/Computers/Open_Source
7,addons.mozilla.org,/Computers/Open_Source
8,launchpad.net,/Computers/Open_Source
9,portableapps.com,/Computers/Open_Source
10,about.gitlab.com,/Computers/Open_Source
11,codeplex.com,/Computers/Open_Source
12,nginx.org,/Computers/Open_Source
13,musescore.org,/Computers/Open_Source
14,curl.haxx.se,/Computers/Open_Source
15,transifex.com,/Computers/Open_Source
16,zabbix.com,/Computers/Open_Source
17,linuxfoundation.org,/Computers/Open_Source
18,mozillazine.org,/Computers/Open_Source
19,mozdev.org,/Computers/Open_Source
20,phplist.com,/Computers/Open_Source
21,bugzilla.mozilla.org,/Computers/Open_Source
22,blog.mozilla.org,/Computers/Open_Source
23,lmms.io,/Computers/Open_Source
24,postfix.org,/Computers/Open_Source
25,osdir.com,/Computers/Open_Source
26,poedit.net,/Computers/Open_Source
27,opensource.org,/Computers/Open_Source
28,wikimediafoundation.org,/Computers/Open_Source
29,modx.com,/Computers/Open_Source
30,mixxx.org,/Computers/Open_Source
31,fsf.org,/Computers/Open_Source
32,dbpedia.org,/Computers/Open_Source
33,gnuwin32.sourceforge.net,/Computers/Open_Source
34,everything2.com,/Computers/Open_Source
35,xmpp.org,/Computers/Open_Source
36,xiph.org,/Computers/Open_Source
37,findbestopensource.com,/Computers/Open_Source
38,scintilla.org,/Computers/Open_Source
39,fsfe.org,/Computers/Open_Source
40,sphinxsearch.com,/Computers/Open_Source
41,mantisbt.org,/Computers/Open_Source
42,softpanorama.org,/Computers/Open_Source
43,wesnoth.org,/Computers/Open_Source
44,thefullwiki.org,/Computers/Open_Source
45,linuxtoday.com,/Computers/Open_Source
46,userfriendly.org,/Computers/Open_Source
47,boinc.berkeley.edu,/Computers/Open_Source
48,i4u.com,/Computers/Open_Source
49,projects.apache.org,/Computers/Open_Source
0,acm.org,/Computers/Organizations
1,isaca.org,/Computers/Organizations
2,aclweb.org,/Computers/Organizations
3,computer.org,/Computers/Organizations
4,svpg.com,/Computers/Organizations
5,bcs.org,/Computers/Organizations
6,siia.net,/Computers/Organizations
7,eg.org,/Computers/Organizations
8,jpeg.org,/Computers/Organizations
9,asp-software.org,/Computers/Organizations
10,freegeek.org,/Computers/Organizations
11,aitp.org,/Computers/Organizations
12,tiaonline.org,/Computers/Organizations
13,fgdc.gov,/Computers/Organizations
14,redbrick.dcu.ie,/Computers/Organizations
15,cristina.org,/Computers/Organizations
16,naspa.com,/Computers/Organizations
17,icecc.com,/Computers/Organizations
18,athenaalliance.org,/Computers/Organizations
19,cepis.org,/Computers/Organizations
20,htcia.org,/Computers/Organizations
21,education.siggraph.org,/Computers/Organizations
22,aeaus.com,/Computers/Organizations
23,taxact.org,/Computers/Organizations
24,apcug.net,/Computers/Organizations
25,bdparichmond.org,/Computers/Organizations
26,zerodivide.org,/Computers/Organizations
27,compsoc.org.uk,/Computers/Organizations
28,computerclubhouse.org,/Computers/Organizations
29,comptechdoc.org,/Computers/Organizations
30,capinc.org,/Computers/Organizations
31,confluencecorp.com,/Computers/Organizations
32,dma1.org,/Computers/Organizations
33,eccai.org,/Computers/Organizations
34,familynet-international.org,/Computers/Organizations
35,isaca-cincinnati.org,/Computers/Organizations
36,irmac.ca,/Computers/Organizations
37,itsmfonline.org,/Computers/Organizations
38,iap.org.uk,/Computers/Organizations
39,ipdra.org,/Computers/Organizations
40,neted.org,/Computers/Organizations
41,itnea.net,/Computers/Organizations
42,iw3c2.org,/Computers/Organizations
43,ncc.co.uk,/Computers/Organizations
44,urbantech.org,/Computers/Organizations
45,npanet.org,/Computers/Organizations
46,npower.org,/Computers/Organizations
47,programmersguild.org,/Computers/Organizations
48,progressivetech.org,/Computers/Organizations
49,sdfutures.org,/Computers/Organizations
0,supercomputing.org,/Computers/Parallel_Computing
1,pdos.csail.mit.edu,/Computers/Parallel_Computing
2,microway.com,/Computers/Parallel_Computing
3,pgroup.com,/Computers/Parallel_Computing
4,openmp.org,/Computers/Parallel_Computing
5,advancedclustering.com,/Computers/Parallel_Computing
6,penguincomputing.com,/Computers/Parallel_Computing
7,charm.cs.uiuc.edu,/Computers/Parallel_Computing
8,mpi-forum.org,/Computers/Parallel_Computing
9,ltsp.org,/Computers/Parallel_Computing
10,pssclabs.com,/Computers/Parallel_Computing
11,parallel.vub.ac.be,/Computers/Parallel_Computing
12,beowulf.org,/Computers/Parallel_Computing
13,ipdps.org,/Computers/Parallel_Computing
14,hipc.org,/Computers/Parallel_Computing
15,hoise.com,/Computers/Parallel_Computing
16,dolphinics.com,/Computers/Parallel_Computing
17,atipa.com,/Computers/Parallel_Computing
18,lobos.nih.gov,/Computers/Parallel_Computing
19,ics05.csail.mit.edu,/Computers/Parallel_Computing
20,clusternfs.sourceforge.net,/Computers/Parallel_Computing
21,pvm-plus-plus.sourceforge.net,/Computers/Parallel_Computing
22,pvmgmake.sourceforge.net,/Computers/Parallel_Computing
23,pypvm.sourceforge.net,/Computers/Parallel_Computing
24,millennium.berkeley.edu,/Computers/Parallel_Computing
25,cobalt.chem.ucalgary.ca,/Computers/Parallel_Computing
26,para08.idi.ntnu.no,/Computers/Parallel_Computing
27,upc.gwu.edu,/Computers/Parallel_Computing
28,vecpar.fe.up.pt,/Computers/Parallel_Computing
29,does.eng.buffalo.edu,/Computers/Parallel_Computing
30,abacus.ee.cityu.edu.hk,/Computers/Parallel_Computing
31,lacms.maths.bris.ac.uk,/Computers/Parallel_Computing
32,pdp2004.des.fi.udc.es,/Computers/Parallel_Computing
33,hpcs2003.ccs.usherbrooke.ca,/Computers/Parallel_Computing
34,iacoma.cs.uiuc.edu,/Computers/Parallel_Computing
35,ccgrid2008.ens-lyon.fr,/Computers/Parallel_Computing
36,europar05.di.fct.unl.pt,/Computers/Parallel_Computing
37,mosix.cs.huji.ac.il,/Computers/Parallel_Computing
38,upc.lbl.gov,/Computers/Parallel_Computing
39,loki-www.lanl.gov,/Computers/Parallel_Computing
40,pc2.uni-paderborn.de,/Computers/Parallel_Computing
41,europar2008.caos.uab.es,/Computers/Parallel_Computing
42,pcgrid.imag.fr,/Computers/Parallel_Computing
43,concur07.di.fc.ul.pt,/Computers/Parallel_Computing
44,pvmmpi07.lri.fr,/Computers/Parallel_Computing
45,europar2007.irisa.fr,/Computers/Parallel_Computing
46,armari.co.uk,/Computers/Parallel_Computing
47,aspsys.com,/Computers/Parallel_Computing
48,bmdfm.de,/Computers/Parallel_Computing
49,bsp-worldwide.org,/Computers/Parallel_Computing
0,spec.org,/Computers/Performance_and_Capacity
1,tpc.org,/Computers/Performance_and_Capacity
2,cmg.org,/Computers/Performance_and_Capacity
3,sysopt.com,/Computers/Performance_and_Capacity
4,pastmon.sourceforge.net,/Computers/Performance_and_Capacity
5,perfsuite.sourceforge.net,/Computers/Performance_and_Capacity
6,capacitas.co.uk,/Computers/Performance_and_Capacity
7,kubelka.com,/Computers/Performance_and_Capacity
8,eembc.com,/Computers/Performance_and_Capacity
9,ittransition.co.uk,/Computers/Performance_and_Capacity
10,loadtest.com.au,/Computers/Performance_and_Capacity
11,perfcap.com,/Computers/Performance_and_Capacity
12,perfdynamics.com,/Computers/Performance_and_Capacity
13,schema.com,/Computers/Performance_and_Capacity
14,mindcraft.com,/Computers/Performance_and_Capacity
15,strattonenglish.co.uk,/Computers/Performance_and_Capacity
16,banbottlenecks.com,/Computers/Performance_and_Capacity
0,stackoverflow.com,/Computers/Programming
1,mozilla.org,/Computers/Programming
2,scratch.mit.edu,/Computers/Programming
3,codepen.io,/Computers/Programming
4,python.org,/Computers/Programming
5,msdn.microsoft.com,/Computers/Programming
6,getbootstrap.com,/Computers/Programming
7,java.com,/Computers/Programming
8,codeproject.com,/Computers/Programming
9,php.net,/Computers/Programming
10,c-sharpcorner.com,/Computers/Programming
11,npmjs.com,/Computers/Programming
12,blender.org,/Computers/Programming
13,cplusplus.com,/Computers/Programming
14,jquery.com,/Computers/Programming
15,nodejs.org,/Computers/Programming
16,pydata.org,/Computers/Programming
17,bitrix24.com,/Computers/Programming
18,eclipse.org,/Computers/Programming
19,jsfiddle.net,/Computers/Programming
20,sas.com,/Computers/Programming
21,djangoproject.com,/Computers/Programming
22,scipy.org,/Computers/Programming
23,asp.net,/Computers/Programming
24,random.org,/Computers/Programming
25,telerik.com,/Computers/Programming
26,drupal.org,/Computers/Programming
27,devexpress.com,/Computers/Programming
28,matplotlib.org,/Computers/Programming
29,newrelic.com,/Computers/Programming
30,pantheon.io,/Computers/Programming
31,java2s.com,/Computers/Programming
32,joomla.org,/Computers/Programming
33,golang.org,/Computers/Programming
34,algolia.com,/Computers/Programming
35,javascript.info,/Computers/Programming
36,codeplex.com,/Computers/Programming
37,regex101.com,/Computers/Programming
38,jsbin.com,/Computers/Programming
39,expressjs.com,/Computers/Programming
40,rallydev.com,/Computers/Programming
41,jqueryui.com,/Computers/Programming
42,rubyonrails.org,/Computers/Programming
43,jsoneditoronline.org,/Computers/Programming
44,ckeditor.com,/Computers/Programming
45,microfocus.com,/Computers/Programming
46,netbeans.org,/Computers/Programming
47,highcharts.com,/Computers/Programming
48,webdeveloper.com,/Computers/Programming
49,hotscripts.com,/Computers/Programming
0,irobot.com,/Computers/Robotics
1,pololu.com,/Computers/Robotics
2,charite.de,/Computers/Robotics
3,robots.ox.ac.uk,/Computers/Robotics
4,bostondynamics.com,/Computers/Robotics
5,parallax.com,/Computers/Robotics
6,ai.stanford.edu,/Computers/Robotics
7,ri.cmu.edu,/Computers/Robotics
8,kuka.com,/Computers/Robotics
9,solarbotics.com,/Computers/Robotics
10,andymark.com,/Computers/Robotics
11,sunrom.com,/Computers/Robotics
12,robotiq.com,/Computers/Robotics
13,innovationfirst.com,/Computers/Robotics
14,fightingrobots.co.uk,/Computers/Robotics
15,lynxmotion.com,/Computers/Robotics
16,ieee-ras.org,/Computers/Robotics
17,chiefdelphi.com,/Computers/Robotics
18,staubli.com,/Computers/Robotics
19,ifr.org,/Computers/Robotics
20,trossenrobotics.com,/Computers/Robotics
21,piab.com,/Computers/Robotics
22,rec.ri.cmu.edu,/Computers/Robotics
23,mi.eng.cam.ac.uk,/Computers/Robotics
24,robots.com,/Computers/Robotics
25,robots.net,/Computers/Robotics
26,ati-ia.com,/Computers/Robotics
27,wowwee.com,/Computers/Robotics
28,battlebots.com,/Computers/Robotics
29,superdroidrobots.com,/Computers/Robotics
30,robosavvy.com,/Computers/Robotics
31,cim.mcgill.ca,/Computers/Robotics
32,roboteq.com,/Computers/Robotics
33,ode.org,/Computers/Robotics
34,motoman.com,/Computers/Robotics
35,pc-control.co.uk,/Computers/Robotics
36,acfr.usyd.edu.au,/Computers/Robotics
37,owirobot.com,/Computers/Robotics
38,robocup.org,/Computers/Robotics
39,idm-lab.org,/Computers/Robotics
40,robotgear.com.au,/Computers/Robotics
41,micromouseonline.com,/Computers/Robotics
42,pressureprofile.com,/Computers/Robotics
43,active-robots.com,/Computers/Robotics
44,nachirobotics.com,/Computers/Robotics
45,mrpt.org,/Computers/Robotics
46,robots.stanford.edu,/Computers/Robotics
47,societyofrobots.com,/Computers/Robotics
48,acroname.com,/Computers/Robotics
49,strobotics.com,/Computers/Robotics
0,avg.com,/Computers/Security
1,avast.com,/Computers/Security
2,eset.com,/Computers/Security
3,mcafee.com,/Computers/Security
4,kaspersky.com,/Computers/Security
5,virustotal.com,/Computers/Security
6,avira.com,/Computers/Security
7,sophos.com,/Computers/Security
8,bitdefender.com,/Computers/Security
9,symantec.com,/Computers/Security
10,kali.org,/Computers/Security
11,digicert.com,/Computers/Security
12,lavasoft.com,/Computers/Security
13,fortinet.com,/Computers/Security
14,pingidentity.com,/Computers/Security
15,paloaltonetworks.com,/Computers/Security
16,eff.org,/Computers/Security
17,owasp.org,/Computers/Security
18,roboform.com,/Computers/Security
19,imperva.com,/Computers/Security
20,openvpn.net,/Computers/Security
21,rapid7.com,/Computers/Security
22,keepass.info,/Computers/Security
23,f-secure.com,/Computers/Security
24,sans.org,/Computers/Security
25,csoonline.com,/Computers/Security
26,checkpoint.com,/Computers/Security
27,anonym.to,/Computers/Security
28,quickheal.co.in,/Computers/Security
29,yougetsignal.com,/Computers/Security
30,searchsecurity.techtarget.com,/Computers/Security
31,fraunhofer.de,/Computers/Security
32,nuance.com,/Computers/Security
33,activtrak.com,/Computers/Security
34,sonicwall.com,/Computers/Security
35,qualys.com,/Computers/Security
36,portswigger.net,/Computers/Security
37,2-spyware.com,/Computers/Security
38,isaca.org,/Computers/Security
39,geotrust.com,/Computers/Security
40,nmap.org,/Computers/Security
41,hackertarget.com,/Computers/Security
42,acunetix.com,/Computers/Security
43,trustwave.com,/Computers/Security
44,advanced-ip-scanner.com,/Computers/Security
45,ghostery.com,/Computers/Security
46,watchguard.com,/Computers/Security
47,yubico.com,/Computers/Security
48,krebsonsecurity.com,/Computers/Security
49,superantispyware.com,/Computers/Security
0,getdigital.de,/Computers/Shopping
1,computergear.com,/Computers/Shopping
2,missingbite.com,/Computers/Shopping
3,mouserug.com,/Computers/Shopping
4,kilani.com,/Computers/Shopping
5,bytesngrins.stores.yahoo.net,/Computers/Shopping
6,co-du-co.com,/Computers/Shopping
7,evolvingimages.com,/Computers/Shopping
8,fractalspin.com,/Computers/Shopping
9,kkannon.com,/Computers/Shopping
10,ratpadz.com,/Computers/Shopping
11,redlightrunner.com,/Computers/Shopping
12,syber-sak.com,/Computers/Shopping
0,docs.google.com,/Computers/Software
1,office.com,/Computers/Software
2,adobe.com,/Computers/Software
3,play.google.com,/Computers/Software
4,github.com,/Computers/Software
5,paypal.com,/Computers/Software
6,salesforce.com,/Computers/Software
7,wikihow.com,/Computers/Software
8,trello.com,/Computers/Software
9,zendesk.com,/Computers/Software
10,intuit.com,/Computers/Software
11,skype.com,/Computers/Software
12,blackboard.com,/Computers/Software
13,developer.mozilla.org,/Computers/Software
14,oracle.com,/Computers/Software
15,shopify.com,/Computers/Software
16,feedly.com,/Computers/Software
17,wondershare.com,/Computers/Software
18,download.cnet.com,/Computers/Software
19,teamviewer.com,/Computers/Software
20,internetdownloadmanager.com,/Computers/Software
21,xero.com,/Computers/Software
22,pixlr.com,/Computers/Software
23,bitbucket.org,/Computers/Software
24,smartsheet.com,/Computers/Software
25,msdn.microsoft.com,/Computers/Software
26,filehippo.com,/Computers/Software
27,avast.com,/Computers/Software
28,freshdesk.com,/Computers/Software
29,docs.oracle.com,/Computers/Software
30,sap.com,/Computers/Software
31,quickbooks.intuit.com,/Computers/Software
32,android.com,/Computers/Software
33,icims.com,/Computers/Software
34,utorrent.com,/Computers/Software
35,successfactors.com,/Computers/Software
36,developer.android.com,/Computers/Software
37,tomshardware.com,/Computers/Software
38,techtarget.com,/Computers/Software
39,opera.com,/Computers/Software
40,sketchup.com,/Computers/Software
41,vmware.com,/Computers/Software
42,aweber.com,/Computers/Software
43,bluestacks.com,/Computers/Software
44,easeus.com,/Computers/Software
45,kaspersky.com,/Computers/Software
46,mindbodyonline.com,/Computers/Software
47,softpedia.com,/Computers/Software
48,ubuntu.com,/Computers/Software
49,docusign.com,/Computers/Software
0,naturalreaders.com,/Computers/Speech_Technology
1,nuance.com,/Computers/Speech_Technology
2,cereproc.com,/Computers/Speech_Technology
3,acapela-group.com,/Computers/Speech_Technology
4,ldc.upenn.edu,/Computers/Speech_Technology
5,nextup.com,/Computers/Speech_Technology
6,newvoicemedia.com,/Computers/Speech_Technology
7,ilsp.gr,/Computers/Speech_Technology
8,neospeech.com,/Computers/Speech_Technology
9,asr-gooyesh.com,/Computers/Speech_Technology
10,escription.com,/Computers/Speech_Technology
11,cstr.ed.ac.uk,/Computers/Speech_Technology
12,cepstral.com,/Computers/Speech_Technology
13,lumenvox.com,/Computers/Speech_Technology
14,mmodal.com,/Computers/Speech_Technology
15,festvox.org,/Computers/Speech_Technology
16,nemesysco.com,/Computers/Speech_Technology
17,torch.ch,/Computers/Speech_Technology
18,readthewords.com,/Computers/Speech_Technology
19,startstop.com,/Computers/Speech_Technology
20,bighand.com,/Computers/Speech_Technology
21,plumvoice.com,/Computers/Speech_Technology
22,andreaelectronics.com,/Computers/Speech_Technology
23,tvps.com,/Computers/Speech_Technology
24,speechpro.com,/Computers/Speech_Technology
25,altoedge.com,/Computers/Speech_Technology
26,digibox.ca,/Computers/Speech_Technology
27,eckoh.com,/Computers/Speech_Technology
28,speech.cs.cmu.edu,/Computers/Speech_Technology
29,angel.com,/Computers/Speech_Technology
30,mary.dfki.de,/Computers/Speech_Technology
31,htk.eng.cam.ac.uk,/Computers/Speech_Technology
32,voiceport.net,/Computers/Speech_Technology
33,teknoses.com,/Computers/Speech_Technology
34,speech-interface.com,/Computers/Speech_Technology
35,haskins.yale.edu,/Computers/Speech_Technology
36,studio.tellme.com,/Computers/Speech_Technology
37,clsp.jhu.edu,/Computers/Speech_Technology
38,speechrecsolutions.com,/Computers/Speech_Technology
39,cyarasolutions.com,/Computers/Speech_Technology
40,voicerecognition.com.au,/Computers/Speech_Technology
41,speechtek.com,/Computers/Speech_Technology
42,email2phone.net,/Computers/Speech_Technology
43,g2speech.com,/Computers/Speech_Technology
44,textspeechpro.com,/Computers/Speech_Technology
45,voicex.com.au,/Computers/Speech_Technology
46,acousticmagic.com,/Computers/Speech_Technology
47,wizzardsoftware.com,/Computers/Speech_Technology
48,voxeo.com,/Computers/Speech_Technology
49,automatedliving.com,/Computers/Speech_Technology
0,top500.org,/Computers/Supercomputing
1,hpcwire.com,/Computers/Supercomputing
2,ncsa.illinois.edu,/Computers/Supercomputing
3,cray.com,/Computers/Supercomputing
4,sgi.com,/Computers/Supercomputing
5,linuxlabs.com,/Computers/Supercomputing
6,casc.org,/Computers/Supercomputing
7,cray-cyber.org,/Computers/Supercomputing
8,cug.org,/Computers/Supercomputing
9,epoka.com,/Computers/Supercomputing
10,excray.com,/Computers/Supercomputing
11,graphstream.com,/Computers/Supercomputing
12,hpcportal.de,/Computers/Supercomputing
13,supercomp.de,/Computers/Supercomputing
14,pioneertechnology.com,/Computers/Supercomputing
15,psitech.com,/Computers/Supercomputing
16,supercomputingonline.com,/Computers/Supercomputing
17,vcompute.com,/Computers/Supercomputing
0,apple.com,/Computers/Systems
1,evernote.com,/Computers/Systems
2,sourceforge.net,/Computers/Systems
3,developer.apple.com,/Computers/Systems
4,xda-developers.com,/Computers/Systems
5,viber.com,/Computers/Systems
6,windowscentral.com,/Computers/Systems
7,imore.com,/Computers/Systems
8,macrumors.com,/Computers/Systems
9,macworld.com,/Computers/Systems
10,macworld.co.uk,/Computers/Systems
11,fossil.com,/Computers/Systems
12,emuparadise.me,/Computers/Systems
13,idownloadblog.com,/Computers/Systems
14,everymac.com,/Computers/Systems
15,forums.macrumors.com,/Computers/Systems
16,gottabemobile.com,/Computers/Systems
17,gizmochina.com,/Computers/Systems
18,emc.com,/Computers/Systems
19,macobserver.com,/Computers/Systems
20,daringfireball.net,/Computers/Systems
21,mobileread.com,/Computers/Systems
22,iclarified.com,/Computers/Systems
23,blackberry.com,/Computers/Systems
24,pocketnow.com,/Computers/Systems
25,crackberry.com,/Computers/Systems
26,droidforums.net,/Computers/Systems
27,blackberryforums.com,/Computers/Systems
28,newtek.com,/Computers/Systems
29,windowsphone.com,/Computers/Systems
30,epocrates.com,/Computers/Systems
31,mac.com,/Computers/Systems
32,iphonefaq.org,/Computers/Systems
33,jameco.com,/Computers/Systems
34,everythingicafe.com,/Computers/Systems
35,tidbits.com,/Computers/Systems
36,runkeeper.com,/Computers/Systems
37,theiphonewiki.com,/Computers/Systems
38,bignerdranch.com,/Computers/Systems
39,motu.com,/Computers/Systems
40,mac-forums.com,/Computers/Systems
41,skygolf.com,/Computers/Systems
42,atariage.com,/Computers/Systems
43,lemonamiga.com,/Computers/Systems
44,olivetree.com,/Computers/Systems
45,atarimania.com,/Computers/Systems
46,macintouch.com,/Computers/Systems
47,prosofteng.com,/Computers/Systems
48,tapscape.com,/Computers/Systems
49,lemon64.com,/Computers/Systems
0,binsearch.info,/Computers/Usenet
1,easynews.com,/Computers/Usenet
2,nzbindex.nl,/Computers/Usenet
3,usenext.de,/Computers/Usenet
4,giganews.com,/Computers/Usenet
5,eweka.nl,/Computers/Usenet
6,usenetserver.com,/Computers/Usenet
7,xsnews.nl,/Computers/Usenet
8,newshosting.com,/Computers/Usenet
9,faqs.org,/Computers/Usenet
10,newsdemon.com,/Computers/Usenet
11,sickbeard.com,/Computers/Usenet
12,talkorigins.org,/Computers/Usenet
13,newsgroupdirect.com,/Computers/Usenet
14,techsono.com,/Computers/Usenet
15,nzbfriends.com,/Computers/Usenet
16,newzfinders.com,/Computers/Usenet
17,repairfaq.org,/Computers/Usenet
18,binaries4all.com,/Computers/Usenet
19,newsgroupreviews.com,/Computers/Usenet
20,nzbclub.com,/Computers/Usenet
21,yarchive.net,/Computers/Usenet
22,faqs.cs.uu.nl,/Computers/Usenet
23,rame.net,/Computers/Usenet
24,netfunny.com,/Computers/Usenet
25,markmail.org,/Computers/Usenet
26,gmane.org,/Computers/Usenet
27,bintube.com,/Computers/Usenet
28,compilers.iecc.com,/Computers/Usenet
29,xlned.com,/Computers/Usenet
30,freenews.maxbaud.net,/Computers/Usenet
31,html-faq.com,/Computers/Usenet
32,newsgroups.derkeiler.com,/Computers/Usenet
33,usenet.net,/Computers/Usenet
34,newznab.com,/Computers/Usenet
35,yproxy.com,/Computers/Usenet
36,internetoracle.org,/Computers/Usenet
37,gonzb.com,/Computers/Usenet
38,teranews.com,/Computers/Usenet
39,parchive.sourceforge.net,/Computers/Usenet
40,usenetweb.sourceforge.net,/Computers/Usenet
41,mfaas.home.xs4all.nl,/Computers/Usenet
42,control.news.telefonica.de,/Computers/Usenet
43,news.nic.it,/Computers/Usenet
44,aapcsite.plus.com,/Computers/Usenet
45,wwv.pictureview.com,/Computers/Usenet
46,news.astraweb.com,/Computers/Usenet
47,adras.com,/Computers/Usenet
48,aioe.org,/Computers/Usenet
49,albasani.net,/Computers/Usenet
0,secondlife.com,/Computers/Virtual_Reality
1,marketplace.secondlife.com,/Computers/Virtual_Reality
2,bostondynamics.com,/Computers/Virtual_Reality
3,siggraph.org,/Computers/Virtual_Reality
4,unigine.com,/Computers/Virtual_Reality
5,opengl.org,/Computers/Virtual_Reality
6,lindenlab.com,/Computers/Virtual_Reality
7,nwn.blogs.com,/Computers/Virtual_Reality
8,ict.usc.edu,/Computers/Virtual_Reality
9,realtourvision.com,/Computers/Virtual_Reality
10,circlepix.com,/Computers/Virtual_Reality
11,easypano.com,/Computers/Virtual_Reality
12,juicybomb.com,/Computers/Virtual_Reality
13,strawberrysingh.com,/Computers/Virtual_Reality
14,sigchi.org,/Computers/Virtual_Reality
15,fabfree.wordpress.com,/Computers/Virtual_Reality
16,ptgui.com,/Computers/Virtual_Reality
17,vision.ee.ethz.ch,/Computers/Virtual_Reality
18,eonreality.com,/Computers/Virtual_Reality
19,immersion.com,/Computers/Virtual_Reality
20,digitalspace.com,/Computers/Virtual_Reality
21,cortona3d.com,/Computers/Virtual_Reality
22,quanser.com,/Computers/Virtual_Reality
23,bostonvirtualimaging.com,/Computers/Virtual_Reality
24,obeo.com,/Computers/Virtual_Reality
25,pan3sixty.co.uk,/Computers/Virtual_Reality
26,es.com,/Computers/Virtual_Reality
27,alterlinks.com,/Computers/Virtual_Reality
28,inition.co.uk,/Computers/Virtual_Reality
29,vrealities.com,/Computers/Virtual_Reality
30,activeworlds.com,/Computers/Virtual_Reality
31,tekgear.com,/Computers/Virtual_Reality
32,panoscan.com,/Computers/Virtual_Reality
33,vrtoolbox.com,/Computers/Virtual_Reality
34,vterrain.org,/Computers/Virtual_Reality
35,gwynethllewelyn.net,/Computers/Virtual_Reality
36,forcedimension.com,/Computers/Virtual_Reality
37,haption.com,/Computers/Virtual_Reality
38,visbox.com,/Computers/Virtual_Reality
39,steampunktribune.com,/Computers/Virtual_Reality
40,hitlabnz.org,/Computers/Virtual_Reality
41,conversive.com,/Computers/Virtual_Reality
42,virtually-anywhere.com,/Computers/Virtual_Reality
43,characters.media.mit.edu,/Computers/Virtual_Reality
44,blogs.secondlife.com,/Computers/Virtual_Reality
45,recveb.ucsb.edu,/Computers/Virtual_Reality
46,vrlab.epfl.ch,/Computers/Virtual_Reality
47,ve.iao.fraunhofer.de,/Computers/Virtual_Reality
48,cve.salford.ac.uk,/Computers/Virtual_Reality
49,hpivc.rdg.ac.uk,/Computers/Virtual_Reality
