0,valleyofazure.tripod.com,/Arts/Animation/Anime/Characters
0,ctrl-a.org,/Arts/Animation/Anime/Clubs_and_Organizations
1,dcanimeclub.org,/Arts/Animation/Anime/Clubs_and_Organizations
2,neoanime.org,/Arts/Animation/Anime/Clubs_and_Organizations
3,carleton.ottawa-anime.org,/Arts/Animation/Anime/Clubs_and_Organizations
4,bumac.org,/Arts/Animation/Anime/Clubs_and_Organizations
5,calanimagealpha.com,/Arts/Animation/Anime/Clubs_and_Organizations
6,delawareanimesociety.com,/Arts/Animation/Anime/Clubs_and_Organizations
7,emeraldtokyo.com,/Arts/Animation/Anime/Clubs_and_Organizations
8,fresnoanime.com,/Arts/Animation/Anime/Clubs_and_Organizations
9,greenmustard.com,/Arts/Animation/Anime/Clubs_and_Organizations
10,haas-online.net,/Arts/Animation/Anime/Clubs_and_Organizations
11,indyanime.org,/Arts/Animation/Anime/Clubs_and_Organizations
12,jaco.org,/Arts/Animation/Anime/Clubs_and_Organizations
13,nnanime.com,/Arts/Animation/Anime/Clubs_and_Organizations
14,animeclub.org,/Arts/Animation/Anime/Clubs_and_Organizations
15,soap.ottawa-anime.org,/Arts/Animation/Anime/Clubs_and_Organizations
16,uranime.nekomusume.net,/Arts/Animation/Anime/Clubs_and_Organizations
0,cels.org,/Arts/Animation/Anime/Collectibles/Cels
1,hankenmono.com,/Arts/Animation/Anime/Collectibles/Cels
2,e.rubberslug.com,/Arts/Animation/Anime/Collectibles/Cels
3,joseishijin.tripod.com,/Arts/Animation/Anime/Collectibles/Cels
4,purpleplum.rubberslug.com,/Arts/Animation/Anime/Collectibles/Cels
5,rubberslug.com,/Arts/Animation/Anime/Collectibles/Cels
0,scrap_heap.tripod.com,/Arts/Animation/Anime/Collectibles/Models_and_Figures/Action_Figures/Gundam
0,zoidsforyou.freeservers.com,/Arts/Animation/Anime/Collectibles/Models_and_Figures/Action_Figures/Zoids
1,momonga.zink.net.nz,/Arts/Animation/Anime/Collectibles/Models_and_Figures/Action_Figures/Zoids
0,bargm.users4.50megs.com,/Arts/Animation/Anime/Collectibles/Models_and_Figures/Models/Gundam
1,fichtenfoo.com,/Arts/Animation/Anime/Collectibles/Models_and_Figures/Models/Gundam
2,gundam_base.tripod.com,/Arts/Animation/Anime/Collectibles/Models_and_Figures/Models/Gundam
3,gundam_stop.tripod.com,/Arts/Animation/Anime/Collectibles/Models_and_Figures/Models/Gundam
4,jermgundam.tripod.com,/Arts/Animation/Anime/Collectibles/Models_and_Figures/Models/Gundam
5,kitbash.net,/Arts/Animation/Anime/Collectibles/Models_and_Figures/Models/Gundam
6,operationv.tripod.com,/Arts/Animation/Anime/Collectibles/Models_and_Figures/Models/Gundam
7,eckoysnook.blogspot.com,/Arts/Animation/Anime/Collectibles/Models_and_Figures/Models/Gundam
8,ultimaslair.tripod.com,/Arts/Animation/Anime/Collectibles/Models_and_Figures/Models/Gundam
0,eviljap.com,/Arts/Animation/Anime/Collectibles/Shitajiki
0,viz.com,/Arts/Animation/Anime/Distribution/Companies
1,manga.com,/Arts/Animation/Anime/Distribution/Companies
2,animeigo.com,/Arts/Animation/Anime/Distribution/Companies
0,animeboards.com,/Arts/Animation/Anime/Fandom/Chats_and_Forums
1,animeleague.net,/Arts/Animation/Anime/Fandom/Chats_and_Forums
2,otakuboards.com,/Arts/Animation/Anime/Fandom/Chats_and_Forums
3,christiananime.net,/Arts/Animation/Anime/Fandom/Chats_and_Forums
4,linalin.proboards.com,/Arts/Animation/Anime/Fandom/Chats_and_Forums
5,saiyatrunks.proboards.com,/Arts/Animation/Anime/Fandom/Chats_and_Forums
6,narutonojutsu.proboards.com,/Arts/Animation/Anime/Fandom/Chats_and_Forums
7,darkmarlfox.proboards.com,/Arts/Animation/Anime/Fandom/Chats_and_Forums
8,sakaseyourpg.proboards.com,/Arts/Animation/Anime/Fandom/Chats_and_Forums
9,forums.ancientclan.com,/Arts/Animation/Anime/Fandom/Chats_and_Forums
10,anime-chat.com,/Arts/Animation/Anime/Fandom/Chats_and_Forums
11,hikaru.suddenlaunch.com,/Arts/Animation/Anime/Fandom/Chats_and_Forums
12,space-kitten.org,/Arts/Animation/Anime/Fandom/Chats_and_Forums
13,noated.net,/Arts/Animation/Anime/Fandom/Chats_and_Forums
14,virtualinfusion.net,/Arts/Animation/Anime/Fandom/Chats_and_Forums
15,thegardenofdreams74329.yuku.com,/Arts/Animation/Anime/Fandom/Chats_and_Forums
16,nataliesccsmansionforums.yuku.com,/Arts/Animation/Anime/Fandom/Chats_and_Forums
17,teasdreamworld.yuku.com,/Arts/Animation/Anime/Fandom/Chats_and_Forums
0,uncertainty3.tripod.com,/Arts/Animation/Anime/Fandom/Cliques
0,spja.org,/Arts/Animation/Anime/Fandom/Conventions/Organizations
1,greenmustard.com,/Arts/Animation/Anime/Fandom/Conventions/Organizations
2,mindbridge.org,/Arts/Animation/Anime/Fandom/Conventions/Organizations
0,conventionfansblog.com,/Arts/Animation/Anime/Fandom/Conventions/Reports_and_Photo_Albums
1,rdfn.org,/Arts/Animation/Anime/Fandom/Conventions/Reports_and_Photo_Albums
2,usagichan2.com,/Arts/Animation/Anime/Fandom/Conventions/Reports_and_Photo_Albums
0,animecons.com,/Arts/Animation/Anime/Fandom/Conventions/Schedules
0,cosplay.com,/Arts/Animation/Anime/Fandom/Cosplay
1,cosplayisland.co.uk,/Arts/Animation/Anime/Fandom/Cosplay
2,acparadise.com,/Arts/Animation/Anime/Fandom/Cosplay
3,yayahan.com,/Arts/Animation/Anime/Fandom/Cosplay
4,animecostumes.awardspace.com,/Arts/Animation/Anime/Fandom/Cosplay
5,rain.chez-alice.fr,/Arts/Animation/Anime/Fandom/Cosplay
6,acme_boyz.tripod.com,/Arts/Animation/Anime/Fandom/Cosplay
7,cosplay.charmedseed.net,/Arts/Animation/Anime/Fandom/Cosplay
8,cosplay-destiny.de,/Arts/Animation/Anime/Fandom/Cosplay
9,photino101.com,/Arts/Animation/Anime/Fandom/Cosplay
10,francescadani.com,/Arts/Animation/Anime/Fandom/Cosplay
11,angelhitomi.com,/Arts/Animation/Anime/Fandom/Cosplay
12,michi.crackerboxpalace.com,/Arts/Animation/Anime/Fandom/Cosplay
13,paper-wings.org,/Arts/Animation/Anime/Fandom/Cosplay
14,poro-poro.com,/Arts/Animation/Anime/Fandom/Cosplay
15,smallwish.com,/Arts/Animation/Anime/Fandom/Cosplay
16,tatteredwings.net,/Arts/Animation/Anime/Fandom/Cosplay
17,kenziechans_cosplay.tripod.com,/Arts/Animation/Anime/Fandom/Cosplay
0,anime-enchantress.0catch.com,/Arts/Animation/Anime/Fandom/Fan_Subtitled/Distributors_and_Traders
1,animedivxonline.com,/Arts/Animation/Anime/Fandom/Fan_Subtitled/Distributors_and_Traders
2,ssjdecube.tripod.com,/Arts/Animation/Anime/Fandom/Fan_Subtitled/Distributors_and_Traders
3,grandfansubs.com,/Arts/Animation/Anime/Fandom/Fan_Subtitled/Distributors_and_Traders
4,marichan88.tripod.com,/Arts/Animation/Anime/Fandom/Fan_Subtitled/Distributors_and_Traders
5,worldanime888.tripod.com,/Arts/Animation/Anime/Fandom/Fan_Subtitled/Distributors_and_Traders
0,ambrosial.org,/Arts/Animation/Anime/Fandom/Webpage_Assistance/Graphics
1,coroneta.tripod.com,/Arts/Animation/Anime/Fandom/Webpage_Assistance/Graphics
2,theforgottenlair.net,/Arts/Animation/Anime/Fandom/Webpage_Assistance/Graphics
3,finalfantasymoon.tripod.com,/Arts/Animation/Anime/Fandom/Webpage_Assistance/Graphics
4,picult.com,/Arts/Animation/Anime/Fandom/Webpage_Assistance/Graphics
0,gaiaonline.com,/Arts/Animation/Anime/Games/Roleplaying/Message_Boards
0,boyis.com,/Arts/Animation/Anime/Image_Galleries/Wallpaper
1,animeast.com,/Arts/Animation/Anime/Image_Galleries/Wallpaper
2,yumeneko.tripod.com,/Arts/Animation/Anime/Image_Galleries/Wallpaper
3,desktopdelirium.deep-ice.com,/Arts/Animation/Anime/Image_Galleries/Wallpaper
4,dreamsofanime.com,/Arts/Animation/Anime/Image_Galleries/Wallpaper
5,mercurialdesign.net,/Arts/Animation/Anime/Image_Galleries/Wallpaper
6,peorth.com.ar,/Arts/Animation/Anime/Image_Galleries/Wallpaper
7,ningen.nattoli.net,/Arts/Animation/Anime/Image_Galleries/Wallpaper
0,darkainarts.com,/Arts/Animation/Anime/Independent
1,tokyogame.50megs.com,/Arts/Animation/Anime/Independent
2,pseudome.net,/Arts/Animation/Anime/Independent
0,animemusicvideos.org,/Arts/Animation/Anime/Multimedia/Anime_Music_Videos
1,bakablonde.com,/Arts/Animation/Anime/Multimedia/Anime_Music_Videos
0,animefreak.tv,/Arts/Animation/Anime/Multimedia/Full_Episodes
1,animesuki.com,/Arts/Animation/Anime/Multimedia/Full_Episodes
2,fansub.tv,/Arts/Animation/Anime/Multimedia/Full_Episodes
3,otaku-request.bravepages.com,/Arts/Animation/Anime/Multimedia/Full_Episodes
0,ichigos.com,/Arts/Animation/Anime/Music/Downloads
1,luisangel.animania.free.fr,/Arts/Animation/Anime/Music/Downloads
2,animeosts.net,/Arts/Animation/Anime/Music/Downloads
